# WordPress MySQL database migration
#
# Generated: Monday 22. September 2014 03:22 UTC
# Hostname: localhost
# Database: `wp-np2`
# --------------------------------------------------------

/*!40101 SET NAMES utf8 */;

SET sql_mode='NO_AUTO_VALUE_ON_ZERO';



#
# Delete any existing table `wp_np2commentmeta`
#

DROP TABLE IF EXISTS `wp_np2commentmeta`;


#
# Table structure of table `wp_np2commentmeta`
#

CREATE TABLE `wp_np2commentmeta` (
  `meta_id` bigint(20) unsigned NOT NULL AUTO_INCREMENT,
  `comment_id` bigint(20) unsigned NOT NULL DEFAULT '0',
  `meta_key` varchar(255) DEFAULT NULL,
  `meta_value` longtext,
  PRIMARY KEY (`meta_id`),
  KEY `comment_id` (`comment_id`),
  KEY `meta_key` (`meta_key`)
) ENGINE=InnoDB AUTO_INCREMENT=45 DEFAULT CHARSET=utf8;


#
# Data contents of table `wp_np2commentmeta`
#

#
# End of data contents of table `wp_np2commentmeta`
# --------------------------------------------------------



#
# Delete any existing table `wp_np2comments`
#

DROP TABLE IF EXISTS `wp_np2comments`;


#
# Table structure of table `wp_np2comments`
#

CREATE TABLE `wp_np2comments` (
  `comment_ID` bigint(20) unsigned NOT NULL AUTO_INCREMENT,
  `comment_post_ID` bigint(20) unsigned NOT NULL DEFAULT '0',
  `comment_author` tinytext NOT NULL,
  `comment_author_email` varchar(100) NOT NULL DEFAULT '',
  `comment_author_url` varchar(200) NOT NULL DEFAULT '',
  `comment_author_IP` varchar(100) NOT NULL DEFAULT '',
  `comment_date` datetime NOT NULL DEFAULT '0000-00-00 00:00:00',
  `comment_date_gmt` datetime NOT NULL DEFAULT '0000-00-00 00:00:00',
  `comment_content` text NOT NULL,
  `comment_karma` int(11) NOT NULL DEFAULT '0',
  `comment_approved` varchar(20) NOT NULL DEFAULT '1',
  `comment_agent` varchar(255) NOT NULL DEFAULT '',
  `comment_type` varchar(20) NOT NULL DEFAULT '',
  `comment_parent` bigint(20) unsigned NOT NULL DEFAULT '0',
  `user_id` bigint(20) unsigned NOT NULL DEFAULT '0',
  PRIMARY KEY (`comment_ID`),
  KEY `comment_post_ID` (`comment_post_ID`),
  KEY `comment_approved_date_gmt` (`comment_approved`,`comment_date_gmt`),
  KEY `comment_date_gmt` (`comment_date_gmt`),
  KEY `comment_parent` (`comment_parent`),
  KEY `comment_author_email` (`comment_author_email`(10))
) ENGINE=InnoDB AUTO_INCREMENT=54 DEFAULT CHARSET=utf8;


#
# Data contents of table `wp_np2comments`
#
INSERT INTO `wp_np2comments` ( `comment_ID`, `comment_post_ID`, `comment_author`, `comment_author_email`, `comment_author_url`, `comment_author_IP`, `comment_date`, `comment_date_gmt`, `comment_content`, `comment_karma`, `comment_approved`, `comment_agent`, `comment_type`, `comment_parent`, `user_id`) VALUES
(1, 1, 'Mr WordPress', '', 'https://wordpress.org/', '', '2014-09-02 00:45:10', '2014-09-02 00:45:10', 'Hi, this is a comment.\nTo delete a comment, just log in and view the post&#039;s comments. There you will have the option to edit or delete them.', 0, '1', '', '', 0, 0),
(2, 1146, 'Chris Ames', 'yo@chrisam.es', 'http://chrisam.es/', '24.126.245.62', '2013-03-15 18:16:59', '2013-03-15 23:16:59', 'Ello! Pretend you\'re reading this comment with an English accent.', 0, '1', '', '', 0, 0),
(5, 149, 'Chris Ames', 'yo@chrisam.es', 'http://chrisam.es', '59.167.157.3', '2013-01-04 10:15:32', '2013-01-04 16:15:32', 'There are a few checklist items that should be in each comment.\n\n<ul>\n<li>The commenter\'s <strong>gravatar</strong>. Optional, but a best practice. Use get_comment_author_email.</li>\n<li>The commenter\'s <strong>name</strong>. Use <a href="http://codex.wordpress.org/Function_Reference/comment_author" title="Comment Author" rel="nofollow">comment_author</a>.</li>\n<li>The commenter\'s <strong>URL</strong>. Usually applied as a link to the commenter\'s name. Use <a href="http://codex.wordpress.org/Function_Reference/comment_author_url" title="Comment Author URL" rel="nofollow">comment_author_url</a></li>\n<li>The <strong>date / time</strong> the comment was made. Use <a href="http://codex.wordpress.org/Function_Reference/get_comment_date" title="Get Comment Date" rel="nofollow">get_comment_date</a>.</li>\n<li>A <strong>permalink</strong> to the comment. Usually applied as a link to the date / time of the comment. Use <a href="http://codex.wordpress.org/Function_Reference/get_comment_link" title="Get Comment Link" rel="nofollow">get_comment_link</a></li>\n<li>Indication of a <strong>comment left by the post author</strong>. Style the <code>.bypostauthor</code> class.</li>\n<li>The <strong>comment text</strong>. Use <a href="http://codex.wordpress.org/Function_Reference/comment_text" title="Comment Text" rel="nofollow">comment_text</a>.</li>\n<li>An <strong>edit</strong> comment link. Use <a href="http://codex.wordpress.org/Function_Reference/edit_comment_link" title="Edit Comment Link" rel="nofollow">edit_comment_link</a>.</li>\n<li>A comment <strong>reply</strong> link. Used for threaded comments. Use <a href="http://codex.wordpress.org/Function_Reference/comment_reply_link" title="Comment Reply Link" rel="nofollow">comment_reply_link</a>.</li>\n</ul>', 0, '1', '', '', 0, 0),
(6, 149, 'Tom McFarlin', 'tom@tommcfarlin.com', 'http://tommcfarlin.com', '59.167.157.3', '2012-09-03 10:18:04', '2012-09-03 15:18:04', '<h2>Headings</h2>\n\n<h1>Header one</h1>\n\n<h2>Header two</h2>\n\n<h3>Header three</h3>\n\n<h4>Header four</h4>\n\n<h5>Header five</h5>\n\n<h6>Header six</h6>\n\n<h2>Blockquotes</h2>\n\nSingle line blockquote:\n\n<blockquote>Stay hungry. Stay foolish.</blockquote>\n\nMulti line blockquote with a cite reference:\n\n<blockquote>People think focus means saying yes to the thing you\'ve got to focus on. But that\'s not what it means at all. It means saying no to the hundred other good ideas that there are. You have to pick carefully. I\'m actually as proud of the things we haven\'t done as the things I have done. Innovation is saying no to 1,000 things. <cite>Steve Jobs - Apple Worldwide Developers\' Conference, 1997</cite></blockquote>\n\n<h2>Tables</h2>\n\n<table>\n    <tbody>\n        <tr>\n            <th>Employee</th>\n            <th class="views">Salary</th>\n            <th></th>\n        </tr>\n        <tr class="odd">\n            <td><a href="http://john.do/" rel="nofollow">John Saddington</a></td>\n            <td>$1</td>\n            <td>Because that\'s all Steve Job\' needed for a salary.</td>\n        </tr>\n        <tr class="even">\n            <td><a href="http://tommcfarlin.com/" rel="nofollow">Tom McFarlin</a></td>\n            <td>$100K</td>\n            <td>For all the blogging he does.</td>\n        </tr>\n        <tr class="odd">\n            <td><a href="http://jarederickson.com/" rel="nofollow">Jared Erickson</a></td>\n            <td>$100M</td>\n            <td>Pictures are worth a thousand words, right? So Tom x 1,000.</td>\n        </tr>\n        <tr class="even">\n            <td><a href="http://chrisam.es/" rel="nofollow">Chris Ames</a></td>\n            <td>$100B</td>\n            <td>With hair like that?! Enough said...</td>\n        </tr>\n    </tbody>\n</table>\n\n<h2>Definition Lists</h2>\n\n<dl>\n    <dt>Definition List Title</dt>\n    <dd>Definition list division.</dd>\n    <dt>Startup</dt>\n    <dd>A startup company or startup is a company or temporary organization designed to search for a repeatable and scalable business model.</dd>\n    <dt>#dowork</dt>\n    <dd>Coined by Rob Dyrdek and his personal body guard Christopher "Big Black" Boykins, "Do Work" works as a self motivator, to motivating your friends.</dd>\n    <dt>Do It Live</dt>\n    <dd>I\'ll let Bill O\'Reilly will <a href="https://www.youtube.com/watch?v=O_HyZ5aW76c" title="We\'ll Do It Live" rel="nofollow">explain</a> this one.</dd>\n</dl>\n\n<h2>Unordered Lists (Nested)</h2>\n\n<ul>\n    <li>List item one\n        <ul>\n            <li>List item one\n                <ul>\n                    <li>List item one</li>\n                    <li>List item two</li>\n                    <li>List item three</li>\n                    <li>List item four</li>\n            	</ul>\n            </li>\n            <li>List item two</li>\n            <li>List item three</li>\n            <li>List item four</li>\n        </ul>\n    </li>\n	<li>List item two</li>\n	<li>List item three</li>\n	<li>List item four</li>\n</ul>\n\n<h2>Ordered List (Nested)</h2>\n\n<ol>\n    <li>List item one\n        <ol>\n            <li>List item one\n                <ol>\n                    <li>List item one</li>\n                    <li>List item two</li>\n                    <li>List item three</li>\n                    <li>List item four</li>\n                </ol>\n            </li>\n            <li>List item two</li>\n            <li>List item three</li>\n            <li>List item four</li>\n        </ol>\n    </li>\n    <li>List item two</li>\n    <li>List item three</li>\n    <li>List item four</li>\n</ol>\n\n<h2>HTML Tags</h2>\n\nThese supported tags come from the WordPress.com code <a href="http://en.support.wordpress.com/code/" title="Code" rel="nofollow">FAQ</a>.\n\n<strong>Address Tag</strong>\n\n<address>\n1 Infinite Loop\nCupertino, CA 95014\nUnited States\n</address>\n\n<strong>Anchor Tag (aka. Link)</strong>\n\nThis is an example of a <a href="http://apple.com" title="Apple" rel="nofollow">link</a>.\n\n<strong>Abbreviation Tag</strong>\n\nThe abbreviation <abbr title="Seriously">srsly</abbr> stands for "seriously".\n\n<strong>Acronym Tag</strong>\n\nThe acronym <acronym title="For The Win">ftw</acronym> stands for "for the win".\n\n<strong>Big Tag</strong>\n\nThese tests are a <big>big</big> deal, but this tag is no longer supported in HTML5.\n\n<strong>Cite Tag</strong>\n\n"Code is poetry." --<cite>Automattic</cite>\n\n<strong>Code Tag</strong>\n\nYou will learn later on in these tests that <code>word-wrap: break-word;</code> will be your best friend.\n\n<strong>Delete Tag</strong>\n\nThis tag will let you <del>strikeout text</del>, but this tag is no longer supported in HTML5 (use the <code>&lt;strike&gt;</code> instead).\n\n<strong>Emphasize Tag</strong>\n\nThe emphasize tag should <em>italicize</em> text.\n\n<strong>Insert Tag</strong>\n\nThis tag should denote <ins>inserted</ins> text.\n\n<strong>Keyboard Tag</strong>\n\nThis scarsly known tag emulates <kbd>keyboard text</kbd>, which is usually styled like the <code>&lt;code&gt;</code> tag.\n\n<strong>Preformatted Tag</strong>\n\nThis tag styles large blocks of code.\n\n<pre>\n.post-title {\n	margin: 0 0 5px;\n	font-weight: bold;\n	font-size: 38px;\n	line-height: 1.2;\n}\n</pre>\n\n<strong>Quote Tag</strong>\n\n<q>Developers, developers, developers...</q> --Steve Ballmer\n\n<strong>Strong Tag</strong>\n\nThis tag shows <strong>bold<strong> text.\n\n<strong>Subscript Tag</strong>\n\nGetting our science styling on with H<sub>2</sub>O, which should push the "2" down.\n\n<strong>Superscript Tag</strong>\n\nStill sticking with science and Isaac Newton\'s E = MC<sup>2</sup>, which should lift the 2 up.\n\n<strong>Teletype Tag</strong>\n\nThis rarely used tag emulates <tt>teletype text</tt>, which is usually styled like the <code>&lt;code&gt;</code> tag.\n\n<strong>Variable Tag</strong>\n\nThis allows you to denote <var>variables</var>.', 0, '1', '', '', 0, 0),
(24, 149, 'Anonymous User', 'fake@email.com', '', '67.3.69.40', '2013-03-11 23:45:54', '2013-03-12 04:45:54', 'This user it trying to be anonymous.\n\n<ul>\n    <li>They used a fake email, so there should be no <a href="http://gravatar.com/" title="Gravatar" rel="nofollow">Gravatar</a> associated with it.</li>\n    <li>They did not speify a website, so there should be no link to it in the comment.</li>\n</ul>', 0, '1', '', '', 0, 0),
(25, 149, 'Jason bradley', 'jason.bradley@me.com', 'http://everchangingmedia.com/', '204.54.106.1', '2013-03-12 13:17:35', '2013-03-12 18:17:35', 'Comments? I love comments!', 0, '1', '', '', 0, 0),
(26, 149, 'Matt Mullenweg', 'm@mullenweg.com', 'http://ma.tt/', '24.126.245.62', '2013-03-14 07:53:26', '2013-03-14 12:53:26', 'These tests are amazing!', 0, '1', '', '', 0, 0),
(28, 149, 'Michael Novotny', 'manovotny@gmail.com', '', '24.126.245.62', '2013-03-14 07:56:46', '2013-03-14 12:56:46', 'Author Comment.', 0, '1', '', '', 0, 2),
(29, 149, 'Jared Erickson', 'jared@lessmade.com', 'http://jarederickson.com/', '24.126.245.62', '2013-03-14 07:57:01', '2013-03-14 12:57:01', 'Comment Depth 01', 0, '1', '', '', 0, 0),
(30, 149, 'Chris Ames', 'yo@chrisam.es', 'http://chrisam.es/', '24.126.245.62', '2013-03-14 08:01:21', '2013-03-14 13:01:21', 'Comment Depth 02', 0, '1', '', '', 29, 0),
(31, 149, 'John Saddington', 'me@john.do', 'http://john.do/', '24.126.245.62', '2013-03-14 08:02:06', '2013-03-14 13:02:06', 'Comment Depth 03', 0, '1', '', '', 30, 0),
(32, 149, 'Tom McFarlin', 'tom@tommcfarlin.com', 'http://tommcfarlin.com/', '24.126.245.62', '2013-03-14 08:03:22', '2013-03-14 13:03:22', 'Comment Depth 04', 0, '1', '', '', 31, 0),
(35, 149, 'Michael Novotny', 'manovotny@gmail.com', 'http://manovotny.com/', '24.126.245.62', '2013-03-14 08:10:29', '2013-03-14 13:10:29', 'Comment Depth 05\n\nAlso an author comment.', 0, '1', '', '', 32, 2),
(36, 149, 'Jason Bradley', 'jason.bradley@me.com', 'http://everchangingmedia.com/', '24.126.245.62', '2013-03-14 08:12:16', '2013-03-14 13:12:16', 'Comment Depth 06', 0, '1', '', '', 35, 0),
(37, 149, 'Jared Erickson', 'jared@lessmade.com', 'http://jarederickson.com/', '24.126.245.62', '2013-03-14 08:12:58', '2013-03-14 13:12:58', 'Comment Depth 07', 0, '1', '', '', 36, 0),
(38, 149, 'Chris Ames', 'yo@chrisam.es', 'http://chrisam.es/', '24.126.245.62', '2013-03-14 08:13:42', '2013-03-14 13:13:42', 'Comment Depth 08', 0, '1', '', '', 37, 0),
(39, 149, 'John Saddington', 'me@john.do', 'http://john.do/', '24.126.245.62', '2013-03-14 08:14:13', '2013-03-14 13:14:13', 'Comment Depth 09', 0, '1', '', '', 38, 0),
(40, 149, 'Michael Novotny', 'manovotny@gmail.com', 'http://manovotny.com/', '24.126.245.62', '2013-03-14 08:14:47', '2013-03-14 13:14:47', 'Comment Depth 10\n\nAlso an author comment.', 0, '1', '', '', 39, 2),
(41, 149, 'John Saddington', 'me@john.do', 'http://john.do/', '24.126.245.62', '2013-03-14 09:29:30', '2013-03-14 14:29:30', 'Video comment.\n\n<iframe width="640" height="360" src="http://www.youtube.com/embed/9bZkp7q19f0" frameborder="0" allowfullscreen></iframe>', 0, '1', '', '', 0, 0),
(42, 149, 'Eryn Erickson', 'eryn@lessmade.com', 'http://soworthloving.com/', '24.126.245.62', '2013-03-14 09:56:43', '2013-03-14 14:56:43', 'Image comment.\n\n<img src="http://wptest.io/demo/wp-content/uploads/2013/03/soworthloving-wallpaper.jpg" alt="I Am Worth Loving Wallpaper" />', 0, '1', '', '', 0, 0),
(43, 149, 'WP Daily', 'hello@wpdaily.com', 'http://wpdaily.co/', '24.126.245.62', '2013-03-14 11:23:24', '2013-03-14 16:23:24', 'We are totally going to blog about these tests!', 0, '1', '', '', 0, 0),
(44, 149, '8BIT', 'sales@8bit.io', 'http://8bit.io/', '24.126.245.62', '2013-03-14 11:27:54', '2013-03-14 16:27:54', 'We use these tests all the time! Killer stuff!', 0, '1', '', '', 0, 0),
(45, 149, 'Michael Novotny', 'manovotny@gmail.com', 'http://manovotny.com/', '24.126.245.62', '2013-03-14 11:30:33', '2013-03-14 16:30:33', 'Thanks for all the comments, everyone!', 0, '1', '', '', 0, 2),
(46, 151, 'Ping 1 &laquo; What&#8217;s a tellyworth?', '', 'http://tellyworth.wordpress.com/2007/11/21/ping-1/', '72.232.101.12', '2007-11-21 11:31:12', '2007-11-21 01:31:12', '[...] Trackback test. [...]', 0, '1', '', 'pingback', 0, 0),
(47, 151, 'Ping 2 with a much longer title than the previous ping, which was called Ping 1 &laquo; What&#8217;s a tellyworth?', '', 'http://tellyworth.wordpress.com/2007/11/21/ping-2-with-a-much-longer-title-than-the-previous-ping-which-was-called-ping-1/', '72.232.101.12', '2007-11-21 11:35:47', '2007-11-21 01:35:47', '[...] Another trackback test.  Lorem ipsum dolor sit amet, consectetuer adipiscing elit. Donec hendrerit gravida nisi. Praesent libero odio, tincidunt nec, fringilla et, mollis ut, ipsum. Proin a lacus quis nisi pulvinar bibendum. Donec massa justo, dapibus at, imperdiet vestibulum, dapibus in, leo. Donec pretium tellus in dui. Phasellus tristique aliquet justo. Donec sodales. Nulla urna mi, molestie ac, malesuada sit amet, sagittis id, lacus. Mauris auctor leo ac justo. Proin convallis. Nulla eleifend dictum mi. Donec at lectus. Integer augue sapien, ornare vitae, rhoncus quis, rhoncus sed, sapien. Nunc mattis diam sodales diam.Etiam porttitor, ante sed varius semper, ante arcu rutrum tortor, at luctus nunc urna id nibh. Fusce sodales. Integer sed ligula. Donec posuere, nibh aliquet auctor congue, augue est porttitor odio, imperdiet facilisis tortor urna vel mauris. Pellentesque pretium, lorem non pellentesque varius, elit diam ultrices mi, sed posuere sapien lectus sed mi. Donec vestibulum urna. Donec gravida elit et enim. Ut dignissim neque ut erat. Morbi tincidunt nunc vitae lorem. Morbi rhoncus mi. Praesent facilisis tincidunt enim. Ut pulvinar. Suspendisse potenti. Vivamus turpis odio, porta at, malesuada in, iaculis eget, odio. Aenean faucibus, urna quis congue dignissim, orci tellus ornare leo, eget viverra ante ipsum sit amet magna. Suspendisse mattis nunc at justo. Nullam malesuada lobortis lorem. Morbi ultricies. Nam risus erat, sagittis ut, tristique rhoncus, luctus id, ante. Maecenas ac dui. [...]', 0, '1', '', 'pingback', 0, 0),
(48, 151, 'Ping 4 &laquo; What&#8217;s a tellyworth?', '', 'http://tellyworth.wordpress.com/2007/11/21/ping-4/', '72.232.101.12', '2007-11-21 11:39:25', '2007-11-21 01:39:25', '[...] Another short one. [...]', 0, '1', '', 'pingback', 0, 0),
(49, 151, 'Ping 3 &laquo; What&#8217;s a tellyworth?', '', 'http://tellyworth.wordpress.com/2007/11/21/ping-3/', '72.232.101.12', '2007-11-21 11:38:22', '2007-11-21 01:38:22', '[...] Just a short one. [...]', 0, '1', '', 'pingback', 0, 0),
(50, 151, 'Tom McFarlin', 'tom@tommcfarlin.com', 'http://tommcfarlin.com', '146.214.103.251', '2010-06-11 15:27:04', '2010-06-11 20:27:04', 'This is a comment amongst pingbacks and trackbacks.', 0, '1', '', '', 0, 0),
(51, 131, 'Tom McFarlin', 'tom@tommcfarlin.com', 'http://tommcfarlin.com/', '24.126.245.62', '2013-03-14 11:56:08', '2013-03-14 16:56:08', 'This comment should not be visible until the password is entered.', 0, '1', '', '', 0, 0),
(52, 134, 'Chris Ames', 'yo@chrisam.es', 'http://chrisam.es', '24.126.245.62', '2013-03-14 12:35:07', '2013-03-14 17:35:07', 'Having no content in the post should have no adverse effects on the layout or functionality.', 0, '1', '', '', 0, 0),
(53, 877, 'Jared Erickson', 'jared@lessmade.com', 'http://jarederickson.com/', '24.126.245.62', '2013-03-14 13:07:19', '2013-03-14 18:07:19', 'Non-breaking text is my favorite!\n\nSuper/Duper/Long/NonBreaking/Path/Name/To/A/File/That/Is/Way/Deep/Down/In/Some/Mysterious/Remote/Desolate/Part/Of/The/Operating/System/To/A/File/That/Just/So/Happens/To/Be/Strangely/Named/Supercalifragilisticexpialidocious.txt', 0, '1', '', '', 0, 0) ;

#
# End of data contents of table `wp_np2comments`
# --------------------------------------------------------



#
# Delete any existing table `wp_np2links`
#

DROP TABLE IF EXISTS `wp_np2links`;


#
# Table structure of table `wp_np2links`
#

CREATE TABLE `wp_np2links` (
  `link_id` bigint(20) unsigned NOT NULL AUTO_INCREMENT,
  `link_url` varchar(255) NOT NULL DEFAULT '',
  `link_name` varchar(255) NOT NULL DEFAULT '',
  `link_image` varchar(255) NOT NULL DEFAULT '',
  `link_target` varchar(25) NOT NULL DEFAULT '',
  `link_description` varchar(255) NOT NULL DEFAULT '',
  `link_visible` varchar(20) NOT NULL DEFAULT 'Y',
  `link_owner` bigint(20) unsigned NOT NULL DEFAULT '1',
  `link_rating` int(11) NOT NULL DEFAULT '0',
  `link_updated` datetime NOT NULL DEFAULT '0000-00-00 00:00:00',
  `link_rel` varchar(255) NOT NULL DEFAULT '',
  `link_notes` mediumtext NOT NULL,
  `link_rss` varchar(255) NOT NULL DEFAULT '',
  PRIMARY KEY (`link_id`),
  KEY `link_visible` (`link_visible`)
) ENGINE=InnoDB DEFAULT CHARSET=utf8;


#
# Data contents of table `wp_np2links`
#

#
# End of data contents of table `wp_np2links`
# --------------------------------------------------------



#
# Delete any existing table `wp_np2options`
#

DROP TABLE IF EXISTS `wp_np2options`;


#
# Table structure of table `wp_np2options`
#

CREATE TABLE `wp_np2options` (
  `option_id` bigint(20) unsigned NOT NULL AUTO_INCREMENT,
  `option_name` varchar(64) NOT NULL DEFAULT '',
  `option_value` longtext NOT NULL,
  `autoload` varchar(20) NOT NULL DEFAULT 'yes',
  PRIMARY KEY (`option_id`),
  UNIQUE KEY `option_name` (`option_name`)
) ENGINE=InnoDB AUTO_INCREMENT=241 DEFAULT CHARSET=utf8;


#
# Data contents of table `wp_np2options`
#
INSERT INTO `wp_np2options` ( `option_id`, `option_name`, `option_value`, `autoload`) VALUES
(1, 'siteurl', 'http://np:8888', 'yes'),
(2, 'blogname', 'Neatly Polished Macbook', 'yes'),
(3, 'blogdescription', 'Just another WordPress site', 'yes'),
(4, 'users_can_register', '0', 'yes'),
(5, 'admin_email', 'melissa@melissajclark.ca', 'yes'),
(6, 'start_of_week', '1', 'yes'),
(7, 'use_balanceTags', '0', 'yes'),
(8, 'use_smilies', '1', 'yes'),
(9, 'require_name_email', '1', 'yes'),
(10, 'comments_notify', '1', 'yes'),
(11, 'posts_per_rss', '10', 'yes'),
(12, 'rss_use_excerpt', '0', 'yes'),
(13, 'mailserver_url', 'mail.example.com', 'yes'),
(14, 'mailserver_login', 'login@example.com', 'yes'),
(15, 'mailserver_pass', 'password', 'yes'),
(16, 'mailserver_port', '110', 'yes'),
(17, 'default_category', '1', 'yes'),
(18, 'default_comment_status', 'open', 'yes'),
(19, 'default_ping_status', 'open', 'yes'),
(20, 'default_pingback_flag', '0', 'yes'),
(21, 'posts_per_page', '10', 'yes'),
(22, 'date_format', 'F j, Y', 'yes'),
(23, 'time_format', 'g:i a', 'yes'),
(24, 'links_updated_date_format', 'F j, Y g:i a', 'yes'),
(25, 'comment_moderation', '0', 'yes'),
(26, 'moderation_notify', '1', 'yes'),
(27, 'permalink_structure', '/%postname%/', 'yes'),
(28, 'gzipcompression', '0', 'yes'),
(29, 'hack_file', '0', 'yes'),
(30, 'blog_charset', 'UTF-8', 'yes'),
(31, 'moderation_keys', '', 'no'),
(32, 'active_plugins', 'a:6:{i:0;s:34:"advanced-custom-fields-pro/acf.php";i:1;s:51:"codepress-admin-columns/codepress-admin-columns.php";i:2;s:47:"quick-featured-images/quick-featured-images.php";i:3;s:31:"what-the-file/what-the-file.php";i:4;s:41:"wordpress-importer/wordpress-importer.php";i:5;s:31:"wp-migrate-db/wp-migrate-db.php";}', 'yes'),
(33, 'home', 'http://np:8888', 'yes'),
(34, 'category_base', '', 'yes'),
(35, 'ping_sites', 'http://rpc.pingomatic.com/', 'yes'),
(36, 'advanced_edit', '0', 'yes'),
(37, 'comment_max_links', '2', 'yes'),
(38, 'gmt_offset', '0', 'yes'),
(39, 'default_email_category', '1', 'yes'),
(40, 'recently_edited', '', 'no'),
(41, 'template', 'starter-theme', 'yes'),
(42, 'stylesheet', 'starter-theme', 'yes'),
(43, 'comment_whitelist', '1', 'yes'),
(44, 'blacklist_keys', '', 'no'),
(45, 'comment_registration', '0', 'yes'),
(46, 'html_type', 'text/html', 'yes'),
(47, 'use_trackback', '0', 'yes'),
(48, 'default_role', 'subscriber', 'yes'),
(49, 'db_version', '29630', 'yes'),
(50, 'uploads_use_yearmonth_folders', '1', 'yes'),
(51, 'upload_path', '', 'yes'),
(52, 'blog_public', '0', 'yes'),
(53, 'default_link_category', '2', 'yes'),
(54, 'show_on_front', 'page', 'yes'),
(55, 'tag_base', '', 'yes'),
(56, 'show_avatars', '1', 'yes'),
(57, 'avatar_rating', 'G', 'yes'),
(58, 'upload_url_path', '', 'yes'),
(59, 'thumbnail_size_w', '150', 'yes'),
(60, 'thumbnail_size_h', '150', 'yes'),
(61, 'thumbnail_crop', '1', 'yes'),
(62, 'medium_size_w', '300', 'yes'),
(63, 'medium_size_h', '300', 'yes'),
(64, 'avatar_default', 'mystery', 'yes'),
(65, 'large_size_w', '1024', 'yes'),
(66, 'large_size_h', '1024', 'yes'),
(67, 'image_default_link_type', 'file', 'yes'),
(68, 'image_default_size', '', 'yes'),
(69, 'image_default_align', '', 'yes'),
(70, 'close_comments_for_old_posts', '0', 'yes'),
(71, 'close_comments_days_old', '14', 'yes'),
(72, 'thread_comments', '1', 'yes'),
(73, 'thread_comments_depth', '5', 'yes'),
(74, 'page_comments', '0', 'yes'),
(75, 'comments_per_page', '50', 'yes'),
(76, 'default_comments_page', 'newest', 'yes'),
(77, 'comment_order', 'asc', 'yes'),
(78, 'sticky_posts', 'a:1:{i:0;i:1241;}', 'yes'),
(79, 'widget_categories', 'a:2:{i:2;a:4:{s:5:"title";s:0:"";s:5:"count";i:0;s:12:"hierarchical";i:0;s:8:"dropdown";i:0;}s:12:"_multiwidget";i:1;}', 'yes'),
(80, 'widget_text', 'a:0:{}', 'yes'),
(81, 'widget_rss', 'a:0:{}', 'yes'),
(82, 'uninstall_plugins', 'a:0:{}', 'no'),
(83, 'timezone_string', '', 'yes'),
(84, 'page_for_posts', '1066', 'yes'),
(85, 'page_on_front', '1064', 'yes'),
(86, 'default_post_format', '0', 'yes'),
(87, 'link_manager_enabled', '0', 'yes'),
(88, 'initial_db_version', '27916', 'yes'),
(89, 'wp_np2user_roles', 'a:5:{s:13:"administrator";a:2:{s:4:"name";s:13:"Administrator";s:12:"capabilities";a:63:{s:13:"switch_themes";b:1;s:11:"edit_themes";b:1;s:16:"activate_plugins";b:1;s:12:"edit_plugins";b:1;s:10:"edit_users";b:1;s:10:"edit_files";b:1;s:14:"manage_options";b:1;s:17:"moderate_comments";b:1;s:17:"manage_categories";b:1;s:12:"manage_links";b:1;s:12:"upload_files";b:1;s:6:"import";b:1;s:15:"unfiltered_html";b:1;s:10:"edit_posts";b:1;s:17:"edit_others_posts";b:1;s:20:"edit_published_posts";b:1;s:13:"publish_posts";b:1;s:10:"edit_pages";b:1;s:4:"read";b:1;s:8:"level_10";b:1;s:7:"level_9";b:1;s:7:"level_8";b:1;s:7:"level_7";b:1;s:7:"level_6";b:1;s:7:"level_5";b:1;s:7:"level_4";b:1;s:7:"level_3";b:1;s:7:"level_2";b:1;s:7:"level_1";b:1;s:7:"level_0";b:1;s:17:"edit_others_pages";b:1;s:20:"edit_published_pages";b:1;s:13:"publish_pages";b:1;s:12:"delete_pages";b:1;s:19:"delete_others_pages";b:1;s:22:"delete_published_pages";b:1;s:12:"delete_posts";b:1;s:19:"delete_others_posts";b:1;s:22:"delete_published_posts";b:1;s:20:"delete_private_posts";b:1;s:18:"edit_private_posts";b:1;s:18:"read_private_posts";b:1;s:20:"delete_private_pages";b:1;s:18:"edit_private_pages";b:1;s:18:"read_private_pages";b:1;s:12:"delete_users";b:1;s:12:"create_users";b:1;s:17:"unfiltered_upload";b:1;s:14:"edit_dashboard";b:1;s:14:"update_plugins";b:1;s:14:"delete_plugins";b:1;s:15:"install_plugins";b:1;s:13:"update_themes";b:1;s:14:"install_themes";b:1;s:11:"update_core";b:1;s:10:"list_users";b:1;s:12:"remove_users";b:1;s:9:"add_users";b:1;s:13:"promote_users";b:1;s:18:"edit_theme_options";b:1;s:13:"delete_themes";b:1;s:6:"export";b:1;s:20:"manage_admin_columns";b:1;}}s:6:"editor";a:2:{s:4:"name";s:6:"Editor";s:12:"capabilities";a:34:{s:17:"moderate_comments";b:1;s:17:"manage_categories";b:1;s:12:"manage_links";b:1;s:12:"upload_files";b:1;s:15:"unfiltered_html";b:1;s:10:"edit_posts";b:1;s:17:"edit_others_posts";b:1;s:20:"edit_published_posts";b:1;s:13:"publish_posts";b:1;s:10:"edit_pages";b:1;s:4:"read";b:1;s:7:"level_7";b:1;s:7:"level_6";b:1;s:7:"level_5";b:1;s:7:"level_4";b:1;s:7:"level_3";b:1;s:7:"level_2";b:1;s:7:"level_1";b:1;s:7:"level_0";b:1;s:17:"edit_others_pages";b:1;s:20:"edit_published_pages";b:1;s:13:"publish_pages";b:1;s:12:"delete_pages";b:1;s:19:"delete_others_pages";b:1;s:22:"delete_published_pages";b:1;s:12:"delete_posts";b:1;s:19:"delete_others_posts";b:1;s:22:"delete_published_posts";b:1;s:20:"delete_private_posts";b:1;s:18:"edit_private_posts";b:1;s:18:"read_private_posts";b:1;s:20:"delete_private_pages";b:1;s:18:"edit_private_pages";b:1;s:18:"read_private_pages";b:1;}}s:6:"author";a:2:{s:4:"name";s:6:"Author";s:12:"capabilities";a:10:{s:12:"upload_files";b:1;s:10:"edit_posts";b:1;s:20:"edit_published_posts";b:1;s:13:"publish_posts";b:1;s:4:"read";b:1;s:7:"level_2";b:1;s:7:"level_1";b:1;s:7:"level_0";b:1;s:12:"delete_posts";b:1;s:22:"delete_published_posts";b:1;}}s:11:"contributor";a:2:{s:4:"name";s:11:"Contributor";s:12:"capabilities";a:5:{s:10:"edit_posts";b:1;s:4:"read";b:1;s:7:"level_1";b:1;s:7:"level_0";b:1;s:12:"delete_posts";b:1;}}s:10:"subscriber";a:2:{s:4:"name";s:10:"Subscriber";s:12:"capabilities";a:2:{s:4:"read";b:1;s:7:"level_0";b:1;}}}', 'yes'),
(90, 'widget_search', 'a:2:{i:2;a:1:{s:5:"title";s:0:"";}s:12:"_multiwidget";i:1;}', 'yes'),
(91, 'widget_recent-posts', 'a:2:{i:2;a:2:{s:5:"title";s:0:"";s:6:"number";i:5;}s:12:"_multiwidget";i:1;}', 'yes'),
(92, 'widget_recent-comments', 'a:2:{i:2;a:2:{s:5:"title";s:0:"";s:6:"number";i:5;}s:12:"_multiwidget";i:1;}', 'yes'),
(93, 'widget_archives', 'a:2:{i:2;a:3:{s:5:"title";s:0:"";s:5:"count";i:0;s:8:"dropdown";i:0;}s:12:"_multiwidget";i:1;}', 'yes'),
(94, 'widget_meta', 'a:2:{i:2;a:1:{s:5:"title";s:0:"";}s:12:"_multiwidget";i:1;}', 'yes'),
(95, 'sidebars_widgets', 'a:3:{s:19:"wp_inactive_widgets";a:0:{}s:9:"sidebar-1";a:6:{i:0;s:8:"search-2";i:1;s:14:"recent-posts-2";i:2;s:17:"recent-comments-2";i:3;s:10:"archives-2";i:4;s:12:"categories-2";i:5;s:6:"meta-2";}s:13:"array_version";i:3;}', 'yes'),
(96, 'cron', 'a:5:{i:1411371840;a:1:{s:20:"wp_maybe_auto_update";a:1:{s:32:"40cd750bba9870f18aada2478b24840a";a:3:{s:8:"schedule";s:10:"twicedaily";s:4:"args";a:0:{}s:8:"interval";i:43200;}}}i:1411389926;a:3:{s:16:"wp_version_check";a:1:{s:32:"40cd750bba9870f18aada2478b24840a";a:3:{s:8:"schedule";s:10:"twicedaily";s:4:"args";a:0:{}s:8:"interval";i:43200;}}s:17:"wp_update_plugins";a:1:{s:32:"40cd750bba9870f18aada2478b24840a";a:3:{s:8:"schedule";s:10:"twicedaily";s:4:"args";a:0:{}s:8:"interval";i:43200;}}s:16:"wp_update_themes";a:1:{s:32:"40cd750bba9870f18aada2478b24840a";a:3:{s:8:"schedule";s:10:"twicedaily";s:4:"args";a:0:{}s:8:"interval";i:43200;}}}i:1411433132;a:1:{s:19:"wp_scheduled_delete";a:1:{s:32:"40cd750bba9870f18aada2478b24840a";a:3:{s:8:"schedule";s:5:"daily";s:4:"args";a:0:{}s:8:"interval";i:86400;}}}i:2524651218;a:1:{s:19:"publish_future_post";a:1:{s:32:"b11dc093a3c58c689dd3398e27c5b27e";a:2:{s:8:"schedule";b:0;s:4:"args";a:1:{i:0;i:418;}}}}s:7:"version";i:2;}', 'yes'),
(124, 'theme_mods_twentyfourteen', 'a:1:{s:16:"sidebars_widgets";a:2:{s:4:"time";i:1409619151;s:4:"data";a:4:{s:19:"wp_inactive_widgets";a:0:{}s:9:"sidebar-1";a:6:{i:0;s:8:"search-2";i:1;s:14:"recent-posts-2";i:2;s:17:"recent-comments-2";i:3;s:10:"archives-2";i:4;s:12:"categories-2";i:5;s:6:"meta-2";}s:9:"sidebar-2";a:0:{}s:9:"sidebar-3";a:0:{}}}}', 'yes'),
(125, 'current_theme', '', 'yes'),
(126, 'theme_mods_starter-theme', 'a:2:{i:0;b:0;s:18:"nav_menu_locations";a:1:{s:7:"primary";i:63;}}', 'yes'),
(127, 'theme_switched', '', 'yes') ;
INSERT INTO `wp_np2options` ( `option_id`, `option_name`, `option_value`, `autoload`) VALUES
(128, 'recently_activated', 'a:0:{}', 'yes'),
(129, 'whatthefile-install-date', '2014-09-02', 'yes'),
(132, 'acf_version', '5.0.8', 'yes'),
(179, 'category_children', 'a:2:{i:22;a:5:{i:0;i:37;i:1;i:38;i:2;i:39;i:3;i:40;i:4;i:41;}i:39;a:1:{i:0;i:42;}}', 'yes'),
(180, 'nav_menu_options', 'a:2:{i:0;b:0;s:8:"auto_add";a:0:{}}', 'yes'),
(206, 'WPLANG', '', 'yes'),
(207, 'db_upgraded', '', 'yes'),
(210, 'rewrite_rules', 'a:69:{s:47:"category/(.+?)/feed/(feed|rdf|rss|rss2|atom)/?$";s:52:"index.php?category_name=$matches[1]&feed=$matches[2]";s:42:"category/(.+?)/(feed|rdf|rss|rss2|atom)/?$";s:52:"index.php?category_name=$matches[1]&feed=$matches[2]";s:35:"category/(.+?)/page/?([0-9]{1,})/?$";s:53:"index.php?category_name=$matches[1]&paged=$matches[2]";s:17:"category/(.+?)/?$";s:35:"index.php?category_name=$matches[1]";s:44:"tag/([^/]+)/feed/(feed|rdf|rss|rss2|atom)/?$";s:42:"index.php?tag=$matches[1]&feed=$matches[2]";s:39:"tag/([^/]+)/(feed|rdf|rss|rss2|atom)/?$";s:42:"index.php?tag=$matches[1]&feed=$matches[2]";s:32:"tag/([^/]+)/page/?([0-9]{1,})/?$";s:43:"index.php?tag=$matches[1]&paged=$matches[2]";s:14:"tag/([^/]+)/?$";s:25:"index.php?tag=$matches[1]";s:45:"type/([^/]+)/feed/(feed|rdf|rss|rss2|atom)/?$";s:50:"index.php?post_format=$matches[1]&feed=$matches[2]";s:40:"type/([^/]+)/(feed|rdf|rss|rss2|atom)/?$";s:50:"index.php?post_format=$matches[1]&feed=$matches[2]";s:33:"type/([^/]+)/page/?([0-9]{1,})/?$";s:51:"index.php?post_format=$matches[1]&paged=$matches[2]";s:15:"type/([^/]+)/?$";s:33:"index.php?post_format=$matches[1]";s:12:"robots\\.txt$";s:18:"index.php?robots=1";s:48:".*wp-(atom|rdf|rss|rss2|feed|commentsrss2)\\.php$";s:18:"index.php?feed=old";s:20:".*wp-app\\.php(/.*)?$";s:19:"index.php?error=403";s:18:".*wp-register.php$";s:23:"index.php?register=true";s:32:"feed/(feed|rdf|rss|rss2|atom)/?$";s:27:"index.php?&feed=$matches[1]";s:27:"(feed|rdf|rss|rss2|atom)/?$";s:27:"index.php?&feed=$matches[1]";s:20:"page/?([0-9]{1,})/?$";s:28:"index.php?&paged=$matches[1]";s:27:"comment-page-([0-9]{1,})/?$";s:41:"index.php?&page_id=1064&cpage=$matches[1]";s:41:"comments/feed/(feed|rdf|rss|rss2|atom)/?$";s:42:"index.php?&feed=$matches[1]&withcomments=1";s:36:"comments/(feed|rdf|rss|rss2|atom)/?$";s:42:"index.php?&feed=$matches[1]&withcomments=1";s:44:"search/(.+)/feed/(feed|rdf|rss|rss2|atom)/?$";s:40:"index.php?s=$matches[1]&feed=$matches[2]";s:39:"search/(.+)/(feed|rdf|rss|rss2|atom)/?$";s:40:"index.php?s=$matches[1]&feed=$matches[2]";s:32:"search/(.+)/page/?([0-9]{1,})/?$";s:41:"index.php?s=$matches[1]&paged=$matches[2]";s:14:"search/(.+)/?$";s:23:"index.php?s=$matches[1]";s:47:"author/([^/]+)/feed/(feed|rdf|rss|rss2|atom)/?$";s:50:"index.php?author_name=$matches[1]&feed=$matches[2]";s:42:"author/([^/]+)/(feed|rdf|rss|rss2|atom)/?$";s:50:"index.php?author_name=$matches[1]&feed=$matches[2]";s:35:"author/([^/]+)/page/?([0-9]{1,})/?$";s:51:"index.php?author_name=$matches[1]&paged=$matches[2]";s:17:"author/([^/]+)/?$";s:33:"index.php?author_name=$matches[1]";s:69:"([0-9]{4})/([0-9]{1,2})/([0-9]{1,2})/feed/(feed|rdf|rss|rss2|atom)/?$";s:80:"index.php?year=$matches[1]&monthnum=$matches[2]&day=$matches[3]&feed=$matches[4]";s:64:"([0-9]{4})/([0-9]{1,2})/([0-9]{1,2})/(feed|rdf|rss|rss2|atom)/?$";s:80:"index.php?year=$matches[1]&monthnum=$matches[2]&day=$matches[3]&feed=$matches[4]";s:57:"([0-9]{4})/([0-9]{1,2})/([0-9]{1,2})/page/?([0-9]{1,})/?$";s:81:"index.php?year=$matches[1]&monthnum=$matches[2]&day=$matches[3]&paged=$matches[4]";s:39:"([0-9]{4})/([0-9]{1,2})/([0-9]{1,2})/?$";s:63:"index.php?year=$matches[1]&monthnum=$matches[2]&day=$matches[3]";s:56:"([0-9]{4})/([0-9]{1,2})/feed/(feed|rdf|rss|rss2|atom)/?$";s:64:"index.php?year=$matches[1]&monthnum=$matches[2]&feed=$matches[3]";s:51:"([0-9]{4})/([0-9]{1,2})/(feed|rdf|rss|rss2|atom)/?$";s:64:"index.php?year=$matches[1]&monthnum=$matches[2]&feed=$matches[3]";s:44:"([0-9]{4})/([0-9]{1,2})/page/?([0-9]{1,})/?$";s:65:"index.php?year=$matches[1]&monthnum=$matches[2]&paged=$matches[3]";s:26:"([0-9]{4})/([0-9]{1,2})/?$";s:47:"index.php?year=$matches[1]&monthnum=$matches[2]";s:43:"([0-9]{4})/feed/(feed|rdf|rss|rss2|atom)/?$";s:43:"index.php?year=$matches[1]&feed=$matches[2]";s:38:"([0-9]{4})/(feed|rdf|rss|rss2|atom)/?$";s:43:"index.php?year=$matches[1]&feed=$matches[2]";s:31:"([0-9]{4})/page/?([0-9]{1,})/?$";s:44:"index.php?year=$matches[1]&paged=$matches[2]";s:13:"([0-9]{4})/?$";s:26:"index.php?year=$matches[1]";s:27:".?.+?/attachment/([^/]+)/?$";s:32:"index.php?attachment=$matches[1]";s:37:".?.+?/attachment/([^/]+)/trackback/?$";s:37:"index.php?attachment=$matches[1]&tb=1";s:57:".?.+?/attachment/([^/]+)/feed/(feed|rdf|rss|rss2|atom)/?$";s:49:"index.php?attachment=$matches[1]&feed=$matches[2]";s:52:".?.+?/attachment/([^/]+)/(feed|rdf|rss|rss2|atom)/?$";s:49:"index.php?attachment=$matches[1]&feed=$matches[2]";s:52:".?.+?/attachment/([^/]+)/comment-page-([0-9]{1,})/?$";s:50:"index.php?attachment=$matches[1]&cpage=$matches[2]";s:20:"(.?.+?)/trackback/?$";s:35:"index.php?pagename=$matches[1]&tb=1";s:40:"(.?.+?)/feed/(feed|rdf|rss|rss2|atom)/?$";s:47:"index.php?pagename=$matches[1]&feed=$matches[2]";s:35:"(.?.+?)/(feed|rdf|rss|rss2|atom)/?$";s:47:"index.php?pagename=$matches[1]&feed=$matches[2]";s:28:"(.?.+?)/page/?([0-9]{1,})/?$";s:48:"index.php?pagename=$matches[1]&paged=$matches[2]";s:35:"(.?.+?)/comment-page-([0-9]{1,})/?$";s:48:"index.php?pagename=$matches[1]&cpage=$matches[2]";s:20:"(.?.+?)(/[0-9]+)?/?$";s:47:"index.php?pagename=$matches[1]&page=$matches[2]";s:27:"[^/]+/attachment/([^/]+)/?$";s:32:"index.php?attachment=$matches[1]";s:37:"[^/]+/attachment/([^/]+)/trackback/?$";s:37:"index.php?attachment=$matches[1]&tb=1";s:57:"[^/]+/attachment/([^/]+)/feed/(feed|rdf|rss|rss2|atom)/?$";s:49:"index.php?attachment=$matches[1]&feed=$matches[2]";s:52:"[^/]+/attachment/([^/]+)/(feed|rdf|rss|rss2|atom)/?$";s:49:"index.php?attachment=$matches[1]&feed=$matches[2]";s:52:"[^/]+/attachment/([^/]+)/comment-page-([0-9]{1,})/?$";s:50:"index.php?attachment=$matches[1]&cpage=$matches[2]";s:20:"([^/]+)/trackback/?$";s:31:"index.php?name=$matches[1]&tb=1";s:40:"([^/]+)/feed/(feed|rdf|rss|rss2|atom)/?$";s:43:"index.php?name=$matches[1]&feed=$matches[2]";s:35:"([^/]+)/(feed|rdf|rss|rss2|atom)/?$";s:43:"index.php?name=$matches[1]&feed=$matches[2]";s:28:"([^/]+)/page/?([0-9]{1,})/?$";s:44:"index.php?name=$matches[1]&paged=$matches[2]";s:35:"([^/]+)/comment-page-([0-9]{1,})/?$";s:44:"index.php?name=$matches[1]&cpage=$matches[2]";s:20:"([^/]+)(/[0-9]+)?/?$";s:43:"index.php?name=$matches[1]&page=$matches[2]";s:16:"[^/]+/([^/]+)/?$";s:32:"index.php?attachment=$matches[1]";s:26:"[^/]+/([^/]+)/trackback/?$";s:37:"index.php?attachment=$matches[1]&tb=1";s:46:"[^/]+/([^/]+)/feed/(feed|rdf|rss|rss2|atom)/?$";s:49:"index.php?attachment=$matches[1]&feed=$matches[2]";s:41:"[^/]+/([^/]+)/(feed|rdf|rss|rss2|atom)/?$";s:49:"index.php?attachment=$matches[1]&feed=$matches[2]";s:41:"[^/]+/([^/]+)/comment-page-([0-9]{1,})/?$";s:50:"index.php?attachment=$matches[1]&cpage=$matches[2]";}', 'yes'),
(211, 'can_compress_scripts', '1', 'yes'),
(223, 'cpac_version', '2.2.6.4', 'yes'),
(224, 'cpac_options_post', 'a:7:{s:21:"column-featured_image";a:8:{s:11:"column-name";s:21:"column-featured_image";s:4:"type";s:21:"column-featured_image";s:5:"clone";s:0:"";s:5:"label";s:14:"Featured Image";s:5:"width";s:0:"";s:10:"image_size";s:9:"thumbnail";s:12:"image_size_w";s:2:"80";s:12:"image_size_h";s:2:"80";}s:5:"title";a:5:{s:11:"column-name";s:5:"title";s:4:"type";s:5:"title";s:5:"clone";s:0:"";s:5:"label";s:5:"Title";s:5:"width";s:0:"";}s:6:"author";a:5:{s:11:"column-name";s:6:"author";s:4:"type";s:6:"author";s:5:"clone";s:0:"";s:5:"label";s:6:"Author";s:5:"width";s:0:"";}s:10:"categories";a:5:{s:11:"column-name";s:10:"categories";s:4:"type";s:10:"categories";s:5:"clone";s:0:"";s:5:"label";s:10:"Categories";s:5:"width";s:0:"";}s:4:"tags";a:5:{s:11:"column-name";s:4:"tags";s:4:"type";s:4:"tags";s:5:"clone";s:0:"";s:5:"label";s:4:"Tags";s:5:"width";s:0:"";}s:8:"comments";a:5:{s:11:"column-name";s:8:"comments";s:4:"type";s:8:"comments";s:5:"clone";s:0:"";s:5:"label";s:84:"<span class="vers"><span title="Comments" class="comment-grey-bubble"></span></span>";s:5:"width";s:0:"";}s:4:"date";a:5:{s:11:"column-name";s:4:"date";s:4:"type";s:4:"date";s:5:"clone";s:0:"";s:5:"label";s:4:"Date";s:5:"width";s:0:"";}}', 'yes'),
(225, 'cpac_options_post_default', 'a:7:{i:0;s:2:"cb";i:1;s:5:"title";i:2;s:6:"author";i:3;s:10:"categories";i:4;s:4:"tags";i:5;s:8:"comments";i:6;s:4:"date";}', 'yes'),
(226, 'cpac_options_page', 'a:5:{s:21:"column-featured_image";a:8:{s:11:"column-name";s:21:"column-featured_image";s:4:"type";s:21:"column-featured_image";s:5:"clone";s:0:"";s:5:"label";s:14:"Featured Image";s:5:"width";s:0:"";s:10:"image_size";s:9:"thumbnail";s:12:"image_size_w";s:2:"80";s:12:"image_size_h";s:2:"80";}s:5:"title";a:5:{s:11:"column-name";s:5:"title";s:4:"type";s:5:"title";s:5:"clone";s:0:"";s:5:"label";s:5:"Title";s:5:"width";s:0:"";}s:6:"author";a:5:{s:11:"column-name";s:6:"author";s:4:"type";s:6:"author";s:5:"clone";s:0:"";s:5:"label";s:6:"Author";s:5:"width";s:0:"";}s:8:"comments";a:5:{s:11:"column-name";s:8:"comments";s:4:"type";s:8:"comments";s:5:"clone";s:0:"";s:5:"label";s:84:"<span class="vers"><span title="Comments" class="comment-grey-bubble"></span></span>";s:5:"width";s:0:"";}s:4:"date";a:5:{s:11:"column-name";s:4:"date";s:4:"type";s:4:"date";s:5:"clone";s:0:"";s:5:"label";s:4:"Date";s:5:"width";s:0:"";}}', 'yes'),
(227, 'cpac_options_page_default', 'a:5:{i:0;s:2:"cb";i:1;s:5:"title";i:2;s:6:"author";i:3;s:8:"comments";i:4;s:4:"date";}', 'yes'),
(230, 'quick-featured-images-settings', 'a:0:{}', 'yes'),
(232, 'quick-featured-images-defaults', 'a:3:{s:20:"first_image_handling";s:13:"use_if_no_img";s:26:"use_first_image_as_default";s:1:"1";s:5:"rules";a:1:{i:1;a:3:{s:2:"id";i:1042;s:8:"taxonomy";s:9:"post_type";s:9:"matchterm";s:4:"post";}}}', 'yes'),
(237, 'acf_pro_license', 'YToyOntzOjM6ImtleSI7czo3MjoiYjNKa1pYSmZhV1E5TXpRMU9UUjhkSGx3WlQxa1pYWmxiRzl3WlhKOFpHRjBaVDB5TURFMExUQTNMVEV5SURJd09qTXpPakF4IjtzOjM6InVybCI7czoxNDoiaHR0cDovL25wOjg4ODgiO30=', 'yes') ;

#
# End of data contents of table `wp_np2options`
# --------------------------------------------------------



#
# Delete any existing table `wp_np2postmeta`
#

DROP TABLE IF EXISTS `wp_np2postmeta`;


#
# Table structure of table `wp_np2postmeta`
#

CREATE TABLE `wp_np2postmeta` (
  `meta_id` bigint(20) unsigned NOT NULL AUTO_INCREMENT,
  `post_id` bigint(20) unsigned NOT NULL DEFAULT '0',
  `meta_key` varchar(255) DEFAULT NULL,
  `meta_value` longtext,
  PRIMARY KEY (`meta_id`),
  KEY `post_id` (`post_id`),
  KEY `meta_key` (`meta_key`)
) ENGINE=InnoDB AUTO_INCREMENT=1210 DEFAULT CHARSET=utf8;


#
# Data contents of table `wp_np2postmeta`
#
INSERT INTO `wp_np2postmeta` ( `meta_id`, `post_id`, `meta_key`, `meta_value`) VALUES
(1, 2, '_wp_page_template', 'default'),
(4, 611, '_wp_attached_file', '2011/01/canola2.jpg'),
(5, 611, '_wp_attachment_metadata', 'a:5:{s:5:"width";i:640;s:6:"height";i:480;s:4:"file";s:19:"2011/01/canola2.jpg";s:5:"sizes";a:2:{s:9:"thumbnail";a:4:{s:4:"file";s:19:"canola2-150x150.jpg";s:5:"width";i:150;s:6:"height";i:150;s:9:"mime-type";s:10:"image/jpeg";}s:6:"medium";a:4:{s:4:"file";s:19:"canola2-300x225.jpg";s:5:"width";i:300;s:6:"height";i:225;s:9:"mime-type";s:10:"image/jpeg";}}s:10:"image_meta";a:10:{s:8:"aperture";d:5.5999999999999996447286321199499070644378662109375;s:6:"credit";s:0:"";s:6:"camera";s:18:"Canon PowerShot G2";s:7:"caption";s:0:"";s:17:"created_timestamp";i:1094915268;s:9:"copyright";s:0:"";s:12:"focal_length";s:7:"16.8125";s:3:"iso";i:0;s:13:"shutter_speed";s:9:"0.0015625";s:5:"title";s:0:"";}}'),
(6, 611, '_wp_attachment_image_alt', 'canola'),
(7, 613, '_wp_attached_file', '2011/01/dsc20050315_145007_132.jpg'),
(8, 613, '_wp_attachment_metadata', 'a:5:{s:5:"width";i:640;s:6:"height";i:480;s:4:"file";s:34:"2011/01/dsc20050315_145007_132.jpg";s:5:"sizes";a:2:{s:9:"thumbnail";a:4:{s:4:"file";s:34:"dsc20050315_145007_132-150x150.jpg";s:5:"width";i:150;s:6:"height";i:150;s:9:"mime-type";s:10:"image/jpeg";}s:6:"medium";a:4:{s:4:"file";s:34:"dsc20050315_145007_132-300x225.jpg";s:5:"width";i:300;s:6:"height";i:225;s:9:"mime-type";s:10:"image/jpeg";}}s:10:"image_meta";a:10:{s:8:"aperture";d:2.20000000000000017763568394002504646778106689453125;s:6:"credit";s:0:"";s:6:"camera";s:9:"CYBERSHOT";s:7:"caption";s:0:"";s:17:"created_timestamp";i:1110898207;s:9:"copyright";s:0:"";s:12:"focal_length";s:3:"9.7";s:3:"iso";s:3:"100";s:13:"shutter_speed";s:5:"0.008";s:5:"title";s:0:"";}}'),
(9, 613, '_wp_attachment_image_alt', 'dsc20050315_145007_132'),
(10, 616, '_wp_attached_file', '2011/01/dsc20050727_091048_222.jpg'),
(11, 616, '_wp_attachment_metadata', 'a:5:{s:5:"width";i:640;s:6:"height";i:480;s:4:"file";s:34:"2011/01/dsc20050727_091048_222.jpg";s:5:"sizes";a:2:{s:9:"thumbnail";a:4:{s:4:"file";s:34:"dsc20050727_091048_222-150x150.jpg";s:5:"width";i:150;s:6:"height";i:150;s:9:"mime-type";s:10:"image/jpeg";}s:6:"medium";a:4:{s:4:"file";s:34:"dsc20050727_091048_222-300x225.jpg";s:5:"width";i:300;s:6:"height";i:225;s:9:"mime-type";s:10:"image/jpeg";}}s:10:"image_meta";a:10:{s:8:"aperture";d:4;s:6:"credit";s:0:"";s:6:"camera";s:9:"CYBERSHOT";s:7:"caption";s:0:"";s:17:"created_timestamp";i:1122455448;s:9:"copyright";s:0:"";s:12:"focal_length";s:3:"9.7";s:3:"iso";s:3:"100";s:13:"shutter_speed";s:5:"0.004";s:5:"title";s:0:"";}}'),
(12, 616, '_wp_attachment_image_alt', 'dsc20050727_091048_222'),
(13, 617, '_wp_attached_file', '2011/01/dsc20050813_115856_52.jpg'),
(14, 617, '_wp_attachment_metadata', 'a:5:{s:5:"width";i:640;s:6:"height";i:480;s:4:"file";s:33:"2011/01/dsc20050813_115856_52.jpg";s:5:"sizes";a:2:{s:9:"thumbnail";a:4:{s:4:"file";s:33:"dsc20050813_115856_52-150x150.jpg";s:5:"width";i:150;s:6:"height";i:150;s:9:"mime-type";s:10:"image/jpeg";}s:6:"medium";a:4:{s:4:"file";s:33:"dsc20050813_115856_52-300x225.jpg";s:5:"width";i:300;s:6:"height";i:225;s:9:"mime-type";s:10:"image/jpeg";}}s:10:"image_meta";a:10:{s:8:"aperture";d:3.20000000000000017763568394002504646778106689453125;s:6:"credit";s:0:"";s:6:"camera";s:9:"CYBERSHOT";s:7:"caption";s:0:"";s:17:"created_timestamp";i:1123934337;s:9:"copyright";s:0:"";s:12:"focal_length";s:3:"9.7";s:3:"iso";s:3:"100";s:13:"shutter_speed";s:5:"0.008";s:5:"title";s:0:"";}}'),
(15, 617, '_wp_attachment_image_alt', 'dsc20050813_115856_52'),
(16, 618, '_wp_attached_file', '2011/01/dsc20050831_165238_332.jpg'),
(17, 618, '_wp_attachment_metadata', 'a:5:{s:5:"width";i:640;s:6:"height";i:480;s:4:"file";s:34:"2011/01/dsc20050831_165238_332.jpg";s:5:"sizes";a:2:{s:9:"thumbnail";a:4:{s:4:"file";s:34:"dsc20050831_165238_332-150x150.jpg";s:5:"width";i:150;s:6:"height";i:150;s:9:"mime-type";s:10:"image/jpeg";}s:6:"medium";a:4:{s:4:"file";s:34:"dsc20050831_165238_332-300x225.jpg";s:5:"width";i:300;s:6:"height";i:225;s:9:"mime-type";s:10:"image/jpeg";}}s:10:"image_meta";a:10:{s:8:"aperture";d:2;s:6:"credit";s:0:"";s:6:"camera";s:9:"CYBERSHOT";s:7:"caption";s:0:"";s:17:"created_timestamp";i:1125507159;s:9:"copyright";s:0:"";s:12:"focal_length";s:3:"9.7";s:3:"iso";s:3:"100";s:13:"shutter_speed";s:15:"0.0166666666667";s:5:"title";s:0:"";}}'),
(18, 618, '_wp_attachment_image_alt', 'dsc20050831_165238_332'),
(19, 619, '_wp_attached_file', '2011/01/dsc20050901_105100_212.jpg'),
(20, 619, '_wp_attachment_metadata', 'a:5:{s:5:"width";i:640;s:6:"height";i:480;s:4:"file";s:34:"2011/01/dsc20050901_105100_212.jpg";s:5:"sizes";a:2:{s:9:"thumbnail";a:4:{s:4:"file";s:34:"dsc20050901_105100_212-150x150.jpg";s:5:"width";i:150;s:6:"height";i:150;s:9:"mime-type";s:10:"image/jpeg";}s:6:"medium";a:4:{s:4:"file";s:34:"dsc20050901_105100_212-300x225.jpg";s:5:"width";i:300;s:6:"height";i:225;s:9:"mime-type";s:10:"image/jpeg";}}s:10:"image_meta";a:10:{s:8:"aperture";d:4;s:6:"credit";s:0:"";s:6:"camera";s:9:"CYBERSHOT";s:7:"caption";s:0:"";s:17:"created_timestamp";i:1125571860;s:9:"copyright";s:0:"";s:12:"focal_length";s:2:"10";s:3:"iso";s:3:"100";s:13:"shutter_speed";s:6:"0.0025";s:5:"title";s:0:"";}}'),
(21, 619, '_wp_attachment_image_alt', 'Seed pods on stem, Woodvale'),
(22, 754, '_wp_attached_file', '2011/07/100_5478.jpg'),
(23, 754, '_wp_attachment_metadata', 'a:5:{s:5:"width";i:1600;s:6:"height";i:1200;s:4:"file";s:20:"2011/07/100_5478.jpg";s:5:"sizes";a:3:{s:9:"thumbnail";a:4:{s:4:"file";s:20:"100_5478-150x150.jpg";s:5:"width";i:150;s:6:"height";i:150;s:9:"mime-type";s:10:"image/jpeg";}s:6:"medium";a:4:{s:4:"file";s:20:"100_5478-300x225.jpg";s:5:"width";i:300;s:6:"height";i:225;s:9:"mime-type";s:10:"image/jpeg";}s:5:"large";a:4:{s:4:"file";s:21:"100_5478-1024x768.jpg";s:5:"width";i:1024;s:6:"height";i:768;s:9:"mime-type";s:10:"image/jpeg";}}s:10:"image_meta";a:10:{s:8:"aperture";d:6.29999999999999982236431605997495353221893310546875;s:6:"credit";s:0:"";s:6:"camera";s:32:"KODAK DX7590 ZOOM DIGITAL CAMERA";s:7:"caption";s:0:"";s:17:"created_timestamp";i:1145694068;s:9:"copyright";s:0:"";s:12:"focal_length";s:4:"17.5";s:3:"iso";s:2:"80";s:13:"shutter_speed";s:5:"0.002";s:5:"title";s:0:"";}}'),
(24, 754, '_wp_attachment_image_alt', 'Bell on Wharf'),
(25, 755, '_wp_attached_file', '2011/07/100_5540.jpg'),
(26, 755, '_wp_attachment_metadata', 'a:5:{s:5:"width";i:1600;s:6:"height";i:1200;s:4:"file";s:20:"2011/07/100_5540.jpg";s:5:"sizes";a:3:{s:9:"thumbnail";a:4:{s:4:"file";s:20:"100_5540-150x150.jpg";s:5:"width";i:150;s:6:"height";i:150;s:9:"mime-type";s:10:"image/jpeg";}s:6:"medium";a:4:{s:4:"file";s:20:"100_5540-300x225.jpg";s:5:"width";i:300;s:6:"height";i:225;s:9:"mime-type";s:10:"image/jpeg";}s:5:"large";a:4:{s:4:"file";s:21:"100_5540-1024x768.jpg";s:5:"width";i:1024;s:6:"height";i:768;s:9:"mime-type";s:10:"image/jpeg";}}s:10:"image_meta";a:10:{s:8:"aperture";d:4;s:6:"credit";s:0:"";s:6:"camera";s:32:"KODAK DX7590 ZOOM DIGITAL CAMERA";s:7:"caption";s:0:"";s:17:"created_timestamp";i:1145697622;s:9:"copyright";s:0:"";s:12:"focal_length";s:3:"6.3";s:3:"iso";s:2:"80";s:13:"shutter_speed";s:7:"0.00125";s:5:"title";s:0:"";}}'),
(27, 755, '_wp_attachment_image_alt', 'Golden Gate Bridge'),
(28, 756, '_wp_attached_file', '2011/07/cep00032.jpg'),
(29, 756, '_wp_attachment_metadata', 'a:5:{s:5:"width";i:1500;s:6:"height";i:1200;s:4:"file";s:20:"2011/07/cep00032.jpg";s:5:"sizes";a:3:{s:9:"thumbnail";a:4:{s:4:"file";s:20:"cep00032-150x150.jpg";s:5:"width";i:150;s:6:"height";i:150;s:9:"mime-type";s:10:"image/jpeg";}s:6:"medium";a:4:{s:4:"file";s:20:"cep00032-300x240.jpg";s:5:"width";i:300;s:6:"height";i:240;s:9:"mime-type";s:10:"image/jpeg";}s:5:"large";a:4:{s:4:"file";s:21:"cep00032-1024x819.jpg";s:5:"width";i:1024;s:6:"height";i:819;s:9:"mime-type";s:10:"image/jpeg";}}s:10:"image_meta";a:10:{s:8:"aperture";d:4;s:6:"credit";s:0:"";s:6:"camera";s:13:"Canon ELURA90";s:7:"caption";s:0:"";s:17:"created_timestamp";i:1130775264;s:9:"copyright";s:0:"";s:12:"focal_length";s:4:"4.15";s:3:"iso";i:0;s:13:"shutter_speed";s:8:"0.002091";s:5:"title";s:0:"";}}'),
(30, 756, '_wp_attachment_image_alt', 'Sunburst Over River'),
(31, 757, '_wp_attached_file', '2011/07/dcp_2082.jpg'),
(32, 757, '_wp_attachment_metadata', 'a:5:{s:5:"width";i:1600;s:6:"height";i:1066;s:4:"file";s:20:"2011/07/dcp_2082.jpg";s:5:"sizes";a:3:{s:9:"thumbnail";a:4:{s:4:"file";s:20:"dcp_2082-150x150.jpg";s:5:"width";i:150;s:6:"height";i:150;s:9:"mime-type";s:10:"image/jpeg";}s:6:"medium";a:4:{s:4:"file";s:20:"dcp_2082-300x199.jpg";s:5:"width";i:300;s:6:"height";i:199;s:9:"mime-type";s:10:"image/jpeg";}s:5:"large";a:4:{s:4:"file";s:21:"dcp_2082-1024x682.jpg";s:5:"width";i:1024;s:6:"height";i:682;s:9:"mime-type";s:10:"image/jpeg";}}s:10:"image_meta";a:10:{s:8:"aperture";d:5.5999999999999996447286321199499070644378662109375;s:6:"credit";s:0:"";s:6:"camera";s:32:"KODAK DX4900 ZOOM DIGITAL CAMERA";s:7:"caption";s:0:"";s:17:"created_timestamp";i:1054666444;s:9:"copyright";s:0:"";s:12:"focal_length";s:3:"7.3";s:3:"iso";i:0;s:13:"shutter_speed";s:5:"0.002";s:5:"title";s:0:"";}}'),
(33, 757, '_wp_attachment_image_alt', 'Boardwalk'),
(34, 758, '_wp_attached_file', '2011/07/dsc03149.jpg'),
(35, 758, '_wp_attachment_metadata', 'a:5:{s:5:"width";i:1280;s:6:"height";i:960;s:4:"file";s:20:"2011/07/dsc03149.jpg";s:5:"sizes";a:3:{s:9:"thumbnail";a:4:{s:4:"file";s:20:"dsc03149-150x150.jpg";s:5:"width";i:150;s:6:"height";i:150;s:9:"mime-type";s:10:"image/jpeg";}s:6:"medium";a:4:{s:4:"file";s:20:"dsc03149-300x225.jpg";s:5:"width";i:300;s:6:"height";i:225;s:9:"mime-type";s:10:"image/jpeg";}s:5:"large";a:4:{s:4:"file";s:21:"dsc03149-1024x768.jpg";s:5:"width";i:1024;s:6:"height";i:768;s:9:"mime-type";s:10:"image/jpeg";}}s:10:"image_meta";a:10:{s:8:"aperture";d:4;s:6:"credit";s:0:"";s:6:"camera";s:9:"CYBERSHOT";s:7:"caption";s:0:"";s:17:"created_timestamp";i:1034618291;s:9:"copyright";s:0:"";s:12:"focal_length";s:3:"9.7";s:3:"iso";s:3:"100";s:13:"shutter_speed";s:5:"0.004";s:5:"title";s:0:"";}}'),
(36, 758, '_wp_attachment_image_alt', 'Yachtsody in Blue'),
(37, 759, '_wp_attached_file', '2011/07/dsc04563.jpg'),
(38, 759, '_wp_attachment_metadata', 'a:5:{s:5:"width";i:1600;s:6:"height";i:1200;s:4:"file";s:20:"2011/07/dsc04563.jpg";s:5:"sizes";a:3:{s:9:"thumbnail";a:4:{s:4:"file";s:20:"dsc04563-150x150.jpg";s:5:"width";i:150;s:6:"height";i:150;s:9:"mime-type";s:10:"image/jpeg";}s:6:"medium";a:4:{s:4:"file";s:20:"dsc04563-300x225.jpg";s:5:"width";i:300;s:6:"height";i:225;s:9:"mime-type";s:10:"image/jpeg";}s:5:"large";a:4:{s:4:"file";s:21:"dsc04563-1024x768.jpg";s:5:"width";i:1024;s:6:"height";i:768;s:9:"mime-type";s:10:"image/jpeg";}}s:10:"image_meta";a:10:{s:8:"aperture";d:4;s:6:"credit";s:0:"";s:6:"camera";s:9:"CYBERSHOT";s:7:"caption";s:0:"";s:17:"created_timestamp";i:1040567677;s:9:"copyright";s:0:"";s:12:"focal_length";s:4:"48.5";s:3:"iso";s:3:"100";s:13:"shutter_speed";s:5:"0.002";s:5:"title";s:0:"";}}'),
(39, 759, '_wp_attachment_image_alt', 'Rain Ripples'),
(40, 760, '_wp_attached_file', '2011/07/dsc09114.jpg'),
(41, 760, '_wp_attachment_metadata', 'a:5:{s:5:"width";i:1600;s:6:"height";i:1200;s:4:"file";s:20:"2011/07/dsc09114.jpg";s:5:"sizes";a:3:{s:9:"thumbnail";a:4:{s:4:"file";s:20:"dsc09114-150x150.jpg";s:5:"width";i:150;s:6:"height";i:150;s:9:"mime-type";s:10:"image/jpeg";}s:6:"medium";a:4:{s:4:"file";s:20:"dsc09114-300x225.jpg";s:5:"width";i:300;s:6:"height";i:225;s:9:"mime-type";s:10:"image/jpeg";}s:5:"large";a:4:{s:4:"file";s:21:"dsc09114-1024x768.jpg";s:5:"width";i:1024;s:6:"height";i:768;s:9:"mime-type";s:10:"image/jpeg";}}s:10:"image_meta";a:10:{s:8:"aperture";d:5.5999999999999996447286321199499070644378662109375;s:6:"credit";s:0:"";s:6:"camera";s:9:"CYBERSHOT";s:7:"caption";s:0:"";s:17:"created_timestamp";i:1067174771;s:9:"copyright";s:0:"";s:12:"focal_length";s:4:"11.8";s:3:"iso";s:3:"100";s:13:"shutter_speed";s:5:"0.002";s:5:"title";s:0:"";}}'),
(42, 760, '_wp_attachment_image_alt', 'Sydney Harbor Bridge'),
(43, 761, '_wp_attached_file', '2011/07/dsc20050102_192118_51.jpg'),
(44, 761, '_wp_attachment_metadata', 'a:5:{s:5:"width";i:1600;s:6:"height";i:1200;s:4:"file";s:33:"2011/07/dsc20050102_192118_51.jpg";s:5:"sizes";a:3:{s:9:"thumbnail";a:4:{s:4:"file";s:33:"dsc20050102_192118_51-150x150.jpg";s:5:"width";i:150;s:6:"height";i:150;s:9:"mime-type";s:10:"image/jpeg";}s:6:"medium";a:4:{s:4:"file";s:33:"dsc20050102_192118_51-300x225.jpg";s:5:"width";i:300;s:6:"height";i:225;s:9:"mime-type";s:10:"image/jpeg";}s:5:"large";a:4:{s:4:"file";s:34:"dsc20050102_192118_51-1024x768.jpg";s:5:"width";i:1024;s:6:"height";i:768;s:9:"mime-type";s:10:"image/jpeg";}}s:10:"image_meta";a:10:{s:8:"aperture";d:4;s:6:"credit";s:0:"";s:6:"camera";s:9:"CYBERSHOT";s:7:"caption";s:0:"";s:17:"created_timestamp";i:1104693678;s:9:"copyright";s:0:"";s:12:"focal_length";s:4:"33.3";s:3:"iso";s:3:"100";s:13:"shutter_speed";s:7:"0.00625";s:5:"title";s:0:"";}}'),
(45, 761, '_wp_attachment_image_alt', 'Wind Farm'),
(46, 762, '_wp_attached_file', '2011/07/dsc20051220_160808_102.jpg'),
(47, 762, '_wp_attachment_metadata', 'a:5:{s:5:"width";i:1600;s:6:"height";i:1066;s:4:"file";s:34:"2011/07/dsc20051220_160808_102.jpg";s:5:"sizes";a:3:{s:9:"thumbnail";a:4:{s:4:"file";s:34:"dsc20051220_160808_102-150x150.jpg";s:5:"width";i:150;s:6:"height";i:150;s:9:"mime-type";s:10:"image/jpeg";}s:6:"medium";a:4:{s:4:"file";s:34:"dsc20051220_160808_102-300x199.jpg";s:5:"width";i:300;s:6:"height";i:199;s:9:"mime-type";s:10:"image/jpeg";}s:5:"large";a:4:{s:4:"file";s:35:"dsc20051220_160808_102-1024x682.jpg";s:5:"width";i:1024;s:6:"height";i:682;s:9:"mime-type";s:10:"image/jpeg";}}s:10:"image_meta";a:10:{s:8:"aperture";d:2.5;s:6:"credit";s:0:"";s:6:"camera";s:13:"Canon EOS 10D";s:7:"caption";s:0:"";s:17:"created_timestamp";i:1135094888;s:9:"copyright";s:0:"";s:12:"focal_length";s:2:"50";s:3:"iso";s:3:"400";s:13:"shutter_speed";s:15:"0.0166666666667";s:5:"title";s:0:"";}}'),
(48, 762, '_wp_attachment_image_alt', 'Antique Farm Machinery'),
(49, 763, '_wp_attached_file', '2011/07/dsc02085.jpg'),
(50, 763, '_wp_attachment_metadata', 'a:5:{s:5:"width";i:1600;s:6:"height";i:1200;s:4:"file";s:20:"2011/07/dsc02085.jpg";s:5:"sizes";a:3:{s:9:"thumbnail";a:4:{s:4:"file";s:20:"dsc02085-150x150.jpg";s:5:"width";i:150;s:6:"height";i:150;s:9:"mime-type";s:10:"image/jpeg";}s:6:"medium";a:4:{s:4:"file";s:20:"dsc02085-300x225.jpg";s:5:"width";i:300;s:6:"height";i:225;s:9:"mime-type";s:10:"image/jpeg";}s:5:"large";a:4:{s:4:"file";s:21:"dsc02085-1024x768.jpg";s:5:"width";i:1024;s:6:"height";i:768;s:9:"mime-type";s:10:"image/jpeg";}}s:10:"image_meta";a:10:{s:8:"aperture";d:2.899999999999999911182158029987476766109466552734375;s:6:"credit";s:0:"";s:6:"camera";s:8:"DSC-S930";s:7:"caption";s:0:"";s:17:"created_timestamp";i:1288861799;s:9:"copyright";s:0:"";s:12:"focal_length";s:3:"6.4";s:3:"iso";s:3:"100";s:13:"shutter_speed";s:5:"0.008";s:5:"title";s:0:"";}}'),
(51, 763, '_wp_attachment_image_alt', 'Orange Iris'),
(52, 764, '_wp_attached_file', '2011/07/dsc20051220_173257_119.jpg'),
(53, 764, '_wp_attachment_metadata', 'a:5:{s:5:"width";i:1600;s:6:"height";i:1066;s:4:"file";s:34:"2011/07/dsc20051220_173257_119.jpg";s:5:"sizes";a:3:{s:9:"thumbnail";a:4:{s:4:"file";s:34:"dsc20051220_173257_119-150x150.jpg";s:5:"width";i:150;s:6:"height";i:150;s:9:"mime-type";s:10:"image/jpeg";}s:6:"medium";a:4:{s:4:"file";s:34:"dsc20051220_173257_119-300x199.jpg";s:5:"width";i:300;s:6:"height";i:199;s:9:"mime-type";s:10:"image/jpeg";}s:5:"large";a:4:{s:4:"file";s:35:"dsc20051220_173257_119-1024x682.jpg";s:5:"width";i:1024;s:6:"height";i:682;s:9:"mime-type";s:10:"image/jpeg";}}s:10:"image_meta";a:10:{s:8:"aperture";d:6.70000000000000017763568394002504646778106689453125;s:6:"credit";s:0:"";s:6:"camera";s:13:"Canon EOS 10D";s:7:"caption";s:0:"";s:17:"created_timestamp";i:1135099977;s:9:"copyright";s:0:"";s:12:"focal_length";s:2:"50";s:3:"iso";s:3:"400";s:13:"shutter_speed";s:16:"0.00133333333333";s:5:"title";s:0:"";}}'),
(54, 764, '_wp_attachment_image_alt', 'Rusty Rail'),
(55, 765, '_wp_attached_file', '2011/07/dscn3316.jpg'),
(56, 765, '_wp_attachment_metadata', 'a:5:{s:5:"width";i:1600;s:6:"height";i:1200;s:4:"file";s:20:"2011/07/dscn3316.jpg";s:5:"sizes";a:3:{s:9:"thumbnail";a:4:{s:4:"file";s:20:"dscn3316-150x150.jpg";s:5:"width";i:150;s:6:"height";i:150;s:9:"mime-type";s:10:"image/jpeg";}s:6:"medium";a:4:{s:4:"file";s:20:"dscn3316-300x225.jpg";s:5:"width";i:300;s:6:"height";i:225;s:9:"mime-type";s:10:"image/jpeg";}s:5:"large";a:4:{s:4:"file";s:21:"dscn3316-1024x768.jpg";s:5:"width";i:1024;s:6:"height";i:768;s:9:"mime-type";s:10:"image/jpeg";}}s:10:"image_meta";a:10:{s:8:"aperture";d:7.5999999999999996447286321199499070644378662109375;s:6:"credit";s:0:"";s:6:"camera";s:5:"E4300";s:7:"caption";s:0:"";s:17:"created_timestamp";i:1170775967;s:9:"copyright";s:0:"";s:12:"focal_length";s:1:"8";s:3:"iso";s:3:"100";s:13:"shutter_speed";s:16:"0.00454545454545";s:5:"title";s:0:"";}}'),
(57, 765, '_wp_attachment_image_alt', 'Sea and Rocks'),
(58, 766, '_wp_attached_file', '2011/07/michelle_049.jpg'),
(59, 766, '_wp_attachment_metadata', 'a:5:{s:5:"width";i:1600;s:6:"height";i:1200;s:4:"file";s:24:"2011/07/michelle_049.jpg";s:5:"sizes";a:3:{s:9:"thumbnail";a:4:{s:4:"file";s:24:"michelle_049-150x150.jpg";s:5:"width";i:150;s:6:"height";i:150;s:9:"mime-type";s:10:"image/jpeg";}s:6:"medium";a:4:{s:4:"file";s:24:"michelle_049-300x225.jpg";s:5:"width";i:300;s:6:"height";i:225;s:9:"mime-type";s:10:"image/jpeg";}s:5:"large";a:4:{s:4:"file";s:25:"michelle_049-1024x768.jpg";s:5:"width";i:1024;s:6:"height";i:768;s:9:"mime-type";s:10:"image/jpeg";}}s:10:"image_meta";a:10:{s:8:"aperture";d:7.0999999999999996447286321199499070644378662109375;s:6:"credit";s:0:"";s:6:"camera";s:18:"Canon PowerShot G3";s:7:"caption";s:0:"";s:17:"created_timestamp";i:1096133874;s:9:"copyright";s:0:"";s:12:"focal_length";s:7:"15.8125";s:3:"iso";i:0;s:13:"shutter_speed";s:7:"0.00625";s:5:"title";s:0:"";}}'),
(60, 766, '_wp_attachment_image_alt', 'Big Sur'),
(61, 767, '_wp_attached_file', '2011/07/windmill.jpg'),
(62, 767, '_wp_attachment_metadata', 'a:5:{s:5:"width";i:1600;s:6:"height";i:1200;s:4:"file";s:20:"2011/07/windmill.jpg";s:5:"sizes";a:3:{s:9:"thumbnail";a:4:{s:4:"file";s:20:"windmill-150x150.jpg";s:5:"width";i:150;s:6:"height";i:150;s:9:"mime-type";s:10:"image/jpeg";}s:6:"medium";a:4:{s:4:"file";s:20:"windmill-300x225.jpg";s:5:"width";i:300;s:6:"height";i:225;s:9:"mime-type";s:10:"image/jpeg";}s:5:"large";a:4:{s:4:"file";s:21:"windmill-1024x768.jpg";s:5:"width";i:1024;s:6:"height";i:768;s:9:"mime-type";s:10:"image/jpeg";}}s:10:"image_meta";a:10:{s:8:"aperture";d:5.5999999999999996447286321199499070644378662109375;s:6:"credit";s:0:"";s:6:"camera";s:8:"DiMAGE 7";s:7:"caption";s:0:"";s:17:"created_timestamp";i:1125077631;s:9:"copyright";s:0:"";s:12:"focal_length";s:11:"50.69140625";s:3:"iso";s:3:"100";s:13:"shutter_speed";s:16:"0.00555555555556";s:5:"title";s:7:"DCF 1.0";}}'),
(63, 767, '_wp_attachment_image_alt', 'Windmill'),
(64, 768, '_wp_attached_file', '2011/07/img_0513-1.jpg'),
(65, 768, '_wp_attachment_metadata', 'a:5:{s:5:"width";i:800;s:6:"height";i:533;s:4:"file";s:22:"2011/07/img_0513-1.jpg";s:5:"sizes";a:2:{s:9:"thumbnail";a:4:{s:4:"file";s:22:"img_0513-1-150x150.jpg";s:5:"width";i:150;s:6:"height";i:150;s:9:"mime-type";s:10:"image/jpeg";}s:6:"medium";a:4:{s:4:"file";s:22:"img_0513-1-300x199.jpg";s:5:"width";i:300;s:6:"height";i:199;s:9:"mime-type";s:10:"image/jpeg";}}s:10:"image_meta";a:10:{s:8:"aperture";d:5.5999999999999996447286321199499070644378662109375;s:6:"credit";s:10:"Picasa 2.0";s:6:"camera";s:12:"Canon EOS 5D";s:7:"caption";s:0:"";s:17:"created_timestamp";i:1158217614;s:9:"copyright";s:0:"";s:12:"focal_length";s:3:"105";s:3:"iso";s:3:"400";s:13:"shutter_speed";s:5:"0.005";s:5:"title";s:32:"Alas! I have found my Shangri-La";}}'),
(66, 768, '_wp_attachment_image_alt', 'Huatulco Coastline'),
(67, 769, '_wp_attached_file', '2011/07/img_0747.jpg'),
(68, 769, '_wp_attachment_metadata', 'a:5:{s:5:"width";i:1600;s:6:"height";i:1066;s:4:"file";s:20:"2011/07/img_0747.jpg";s:5:"sizes";a:3:{s:9:"thumbnail";a:4:{s:4:"file";s:20:"img_0747-150x150.jpg";s:5:"width";i:150;s:6:"height";i:150;s:9:"mime-type";s:10:"image/jpeg";}s:6:"medium";a:4:{s:4:"file";s:20:"img_0747-300x199.jpg";s:5:"width";i:300;s:6:"height";i:199;s:9:"mime-type";s:10:"image/jpeg";}s:5:"large";a:4:{s:4:"file";s:21:"img_0747-1024x682.jpg";s:5:"width";i:1024;s:6:"height";i:682;s:9:"mime-type";s:10:"image/jpeg";}}s:10:"image_meta";a:10:{s:8:"aperture";d:11;s:6:"credit";s:0:"";s:6:"camera";s:19:"Canon EOS REBEL T2i";s:7:"caption";s:0:"";s:17:"created_timestamp";i:1271654325;s:9:"copyright";s:0:"";s:12:"focal_length";s:2:"18";s:3:"iso";s:3:"800";s:13:"shutter_speed";s:7:"0.00125";s:5:"title";s:0:"";}}'),
(69, 769, '_wp_attachment_image_alt', 'Brazil Beach'),
(70, 770, '_wp_attached_file', '2011/07/img_0767.jpg'),
(71, 770, '_wp_attachment_metadata', 'a:5:{s:5:"width";i:800;s:6:"height";i:533;s:4:"file";s:20:"2011/07/img_0767.jpg";s:5:"sizes";a:2:{s:9:"thumbnail";a:4:{s:4:"file";s:20:"img_0767-150x150.jpg";s:5:"width";i:150;s:6:"height";i:150;s:9:"mime-type";s:10:"image/jpeg";}s:6:"medium";a:4:{s:4:"file";s:20:"img_0767-300x199.jpg";s:5:"width";i:300;s:6:"height";i:199;s:9:"mime-type";s:10:"image/jpeg";}}s:10:"image_meta";a:10:{s:8:"aperture";d:10;s:6:"credit";s:10:"Picasa 2.6";s:6:"camera";s:12:"Canon EOS 5D";s:7:"caption";s:0:"";s:17:"created_timestamp";i:1158320386;s:9:"copyright";s:0:"";s:12:"focal_length";s:3:"105";s:3:"iso";s:3:"400";s:13:"shutter_speed";s:5:"0.002";s:5:"title";s:0:"";}}'),
(72, 770, '_wp_attachment_image_alt', 'Huatulco Coastline'),
(73, 771, '_wp_attached_file', '2011/07/img_8399.jpg'),
(74, 771, '_wp_attachment_metadata', 'a:5:{s:5:"width";i:1600;s:6:"height";i:1066;s:4:"file";s:20:"2011/07/img_8399.jpg";s:5:"sizes";a:3:{s:9:"thumbnail";a:4:{s:4:"file";s:20:"img_8399-150x150.jpg";s:5:"width";i:150;s:6:"height";i:150;s:9:"mime-type";s:10:"image/jpeg";}s:6:"medium";a:4:{s:4:"file";s:20:"img_8399-300x199.jpg";s:5:"width";i:300;s:6:"height";i:199;s:9:"mime-type";s:10:"image/jpeg";}s:5:"large";a:4:{s:4:"file";s:21:"img_8399-1024x682.jpg";s:5:"width";i:1024;s:6:"height";i:682;s:9:"mime-type";s:10:"image/jpeg";}}s:10:"image_meta";a:10:{s:8:"aperture";d:4.5;s:6:"credit";s:0:"";s:6:"camera";s:26:"Canon EOS DIGITAL REBEL XT";s:7:"caption";s:0:"";s:17:"created_timestamp";i:1192368714;s:9:"copyright";s:0:"";s:12:"focal_length";s:2:"75";s:3:"iso";s:3:"100";s:13:"shutter_speed";s:5:"0.004";s:5:"title";s:0:"";}}'),
(75, 771, '_wp_attachment_image_alt', 'Boat Barco Texture'),
(76, 807, '_wp_attached_file', '2012/06/dsc20040724_152504_532.jpg'),
(77, 807, '_wp_attachment_metadata', 'a:5:{s:5:"width";i:640;s:6:"height";i:480;s:4:"file";s:34:"2012/06/dsc20040724_152504_532.jpg";s:5:"sizes";a:2:{s:9:"thumbnail";a:4:{s:4:"file";s:34:"dsc20040724_152504_532-150x150.jpg";s:5:"width";i:150;s:6:"height";i:150;s:9:"mime-type";s:10:"image/jpeg";}s:6:"medium";a:4:{s:4:"file";s:34:"dsc20040724_152504_532-300x225.jpg";s:5:"width";i:300;s:6:"height";i:225;s:9:"mime-type";s:10:"image/jpeg";}}s:10:"image_meta";a:10:{s:8:"aperture";d:2;s:6:"credit";s:0:"";s:6:"camera";s:9:"CYBERSHOT";s:7:"caption";s:0:"";s:17:"created_timestamp";i:1090682704;s:9:"copyright";s:0:"";s:12:"focal_length";s:3:"9.7";s:3:"iso";s:3:"100";s:13:"shutter_speed";s:4:"0.02";s:5:"title";s:0:"";}}'),
(78, 811, '_wp_attached_file', '2012/06/dsc20050604_133440_34211.jpg'),
(79, 811, '_wp_attachment_metadata', 'a:5:{s:5:"width";i:640;s:6:"height";i:480;s:4:"file";s:36:"2012/06/dsc20050604_133440_34211.jpg";s:5:"sizes";a:2:{s:9:"thumbnail";a:4:{s:4:"file";s:36:"dsc20050604_133440_34211-150x150.jpg";s:5:"width";i:150;s:6:"height";i:150;s:9:"mime-type";s:10:"image/jpeg";}s:6:"medium";a:4:{s:4:"file";s:36:"dsc20050604_133440_34211-300x225.jpg";s:5:"width";i:300;s:6:"height";i:225;s:9:"mime-type";s:10:"image/jpeg";}}s:10:"image_meta";a:10:{s:8:"aperture";d:2;s:6:"credit";s:0:"";s:6:"camera";s:9:"CYBERSHOT";s:7:"caption";s:0:"";s:17:"created_timestamp";i:1117892080;s:9:"copyright";s:0:"";s:12:"focal_length";s:3:"9.7";s:3:"iso";s:3:"100";s:13:"shutter_speed";s:6:"0.0125";s:5:"title";s:0:"";}}'),
(80, 827, '_wp_attached_file', '2012/07/manhattansummer.jpg'),
(81, 827, '_wp_attachment_metadata', 'a:5:{s:5:"width";i:640;s:6:"height";i:480;s:4:"file";s:27:"2012/07/manhattansummer.jpg";s:5:"sizes";a:2:{s:9:"thumbnail";a:4:{s:4:"file";s:27:"manhattansummer-150x150.jpg";s:5:"width";i:150;s:6:"height";i:150;s:9:"mime-type";s:10:"image/jpeg";}s:6:"medium";a:4:{s:4:"file";s:27:"manhattansummer-300x225.jpg";s:5:"width";i:300;s:6:"height";i:225;s:9:"mime-type";s:10:"image/jpeg";}}s:10:"image_meta";a:10:{s:8:"aperture";d:2.79999999999999982236431605997495353221893310546875;s:6:"credit";s:0:"";s:6:"camera";s:11:"C990Z,D490Z";s:7:"caption";s:0:"";s:17:"created_timestamp";i:1089358496;s:9:"copyright";s:0:"";s:12:"focal_length";s:3:"5.6";s:3:"iso";s:3:"200";s:13:"shutter_speed";s:15:"0.0769230769231";s:5:"title";s:22:"OLYMPUS DIGITAL CAMERA";}}'),
(82, 842, '_wp_attached_file', '2013/03/soworthloving-wallpaper.jpg'),
(83, 842, '_wp_attachment_metadata', 'a:5:{s:5:"width";i:1920;s:6:"height";i:1200;s:4:"file";s:35:"2013/03/soworthloving-wallpaper.jpg";s:5:"sizes";a:3:{s:9:"thumbnail";a:4:{s:4:"file";s:35:"soworthloving-wallpaper-150x150.jpg";s:5:"width";i:150;s:6:"height";i:150;s:9:"mime-type";s:10:"image/jpeg";}s:6:"medium";a:4:{s:4:"file";s:35:"soworthloving-wallpaper-300x187.jpg";s:5:"width";i:300;s:6:"height";i:187;s:9:"mime-type";s:10:"image/jpeg";}s:5:"large";a:4:{s:4:"file";s:36:"soworthloving-wallpaper-1024x640.jpg";s:5:"width";i:1024;s:6:"height";i:640;s:9:"mime-type";s:10:"image/jpeg";}}s:10:"image_meta";a:10:{s:8:"aperture";i:0;s:6:"credit";s:0:"";s:6:"camera";s:0:"";s:7:"caption";s:0:"";s:17:"created_timestamp";i:0;s:9:"copyright";s:0:"";s:12:"focal_length";i:0;s:3:"iso";i:0;s:13:"shutter_speed";i:0;s:5:"title";s:0:"";}}'),
(84, 842, '_wp_attachment_image_alt', 'I Am Worth Loving Wallpaper'),
(85, 842, '_edit_last', '2'),
(86, 904, '_wp_attached_file', '2013/03/image-alignment-150x150.jpg'),
(87, 904, '_wp_attachment_metadata', 'a:5:{s:5:"width";i:150;s:6:"height";i:150;s:4:"file";s:35:"2013/03/image-alignment-150x150.jpg";s:5:"sizes";a:0:{}s:10:"image_meta";a:10:{s:8:"aperture";i:0;s:6:"credit";s:0:"";s:6:"camera";s:0:"";s:7:"caption";s:0:"";s:17:"created_timestamp";i:0;s:9:"copyright";s:0:"";s:12:"focal_length";i:0;s:3:"iso";i:0;s:13:"shutter_speed";i:0;s:5:"title";s:0:"";}}'),
(88, 904, '_wp_attachment_image_alt', 'Image Alignment 150x150'),
(89, 905, '_wp_attached_file', '2013/03/image-alignment-300x200.jpg'),
(90, 905, '_wp_attachment_metadata', 'a:5:{s:5:"width";i:300;s:6:"height";i:200;s:4:"file";s:35:"2013/03/image-alignment-300x200.jpg";s:5:"sizes";a:1:{s:9:"thumbnail";a:4:{s:4:"file";s:35:"image-alignment-300x200-150x150.jpg";s:5:"width";i:150;s:6:"height";i:150;s:9:"mime-type";s:10:"image/jpeg";}}s:10:"image_meta";a:10:{s:8:"aperture";i:0;s:6:"credit";s:0:"";s:6:"camera";s:0:"";s:7:"caption";s:0:"";s:17:"created_timestamp";i:0;s:9:"copyright";s:0:"";s:12:"focal_length";i:0;s:3:"iso";i:0;s:13:"shutter_speed";i:0;s:5:"title";s:0:"";}}'),
(91, 905, '_wp_attachment_image_alt', 'Image Alignment 300x200'),
(92, 906, '_wp_attached_file', '2013/03/image-alignment-580x300.jpg'),
(93, 906, '_wp_attachment_metadata', 'a:5:{s:5:"width";i:580;s:6:"height";i:300;s:4:"file";s:35:"2013/03/image-alignment-580x300.jpg";s:5:"sizes";a:2:{s:9:"thumbnail";a:4:{s:4:"file";s:35:"image-alignment-580x300-150x150.jpg";s:5:"width";i:150;s:6:"height";i:150;s:9:"mime-type";s:10:"image/jpeg";}s:6:"medium";a:4:{s:4:"file";s:35:"image-alignment-580x300-300x155.jpg";s:5:"width";i:300;s:6:"height";i:155;s:9:"mime-type";s:10:"image/jpeg";}}s:10:"image_meta";a:10:{s:8:"aperture";i:0;s:6:"credit";s:0:"";s:6:"camera";s:0:"";s:7:"caption";s:0:"";s:17:"created_timestamp";i:0;s:9:"copyright";s:0:"";s:12:"focal_length";i:0;s:3:"iso";i:0;s:13:"shutter_speed";i:0;s:5:"title";s:0:"";}}'),
(94, 906, '_wp_attachment_image_alt', 'Image Alignment 580x300'),
(95, 907, '_wp_attached_file', '2013/03/image-alignment-1200x4002.jpg'),
(96, 907, '_wp_attachment_metadata', 'a:5:{s:5:"width";i:1200;s:6:"height";i:400;s:4:"file";s:37:"2013/03/image-alignment-1200x4002.jpg";s:5:"sizes";a:3:{s:9:"thumbnail";a:4:{s:4:"file";s:37:"image-alignment-1200x4002-150x150.jpg";s:5:"width";i:150;s:6:"height";i:150;s:9:"mime-type";s:10:"image/jpeg";}s:6:"medium";a:4:{s:4:"file";s:37:"image-alignment-1200x4002-300x100.jpg";s:5:"width";i:300;s:6:"height";i:100;s:9:"mime-type";s:10:"image/jpeg";}s:5:"large";a:4:{s:4:"file";s:38:"image-alignment-1200x4002-1024x341.jpg";s:5:"width";i:1024;s:6:"height";i:341;s:9:"mime-type";s:10:"image/jpeg";}}s:10:"image_meta";a:10:{s:8:"aperture";i:0;s:6:"credit";s:0:"";s:6:"camera";s:0:"";s:7:"caption";s:0:"";s:17:"created_timestamp";i:0;s:9:"copyright";s:0:"";s:12:"focal_length";i:0;s:3:"iso";i:0;s:13:"shutter_speed";i:0;s:5:"title";s:0:"";}}'),
(97, 907, '_wp_attachment_image_alt', 'Image Alignment 1200x4002'),
(98, 963, '_wp_attached_file', '2012/12/triforce-wallpaper.jpg'),
(99, 963, '_wp_attachment_metadata', 'a:5:{s:5:"width";i:1131;s:6:"height";i:707;s:4:"file";s:30:"2012/12/triforce-wallpaper.jpg";s:5:"sizes";a:3:{s:9:"thumbnail";a:4:{s:4:"file";s:30:"triforce-wallpaper-150x150.jpg";s:5:"width";i:150;s:6:"height";i:150;s:9:"mime-type";s:10:"image/jpeg";}s:6:"medium";a:4:{s:4:"file";s:30:"triforce-wallpaper-300x187.jpg";s:5:"width";i:300;s:6:"height";i:187;s:9:"mime-type";s:10:"image/jpeg";}s:5:"large";a:4:{s:4:"file";s:31:"triforce-wallpaper-1024x640.jpg";s:5:"width";i:1024;s:6:"height";i:640;s:9:"mime-type";s:10:"image/jpeg";}}s:10:"image_meta";a:10:{s:8:"aperture";i:0;s:6:"credit";s:0:"";s:6:"camera";s:0:"";s:7:"caption";s:0:"";s:17:"created_timestamp";i:0;s:9:"copyright";s:0:"";s:12:"focal_length";i:0;s:3:"iso";i:0;s:13:"shutter_speed";i:0;s:5:"title";s:0:"";}}'),
(100, 963, '_wp_attachment_image_alt', 'Triforce Wallpaper'),
(101, 967, '_wp_attached_file', '2012/12/unicorn-wallpaper.jpg'),
(102, 967, '_wp_attachment_metadata', 'a:5:{s:5:"width";i:1600;s:6:"height";i:1200;s:4:"file";s:29:"2012/12/unicorn-wallpaper.jpg";s:5:"sizes";a:3:{s:9:"thumbnail";a:4:{s:4:"file";s:29:"unicorn-wallpaper-150x150.jpg";s:5:"width";i:150;s:6:"height";i:150;s:9:"mime-type";s:10:"image/jpeg";}s:6:"medium";a:4:{s:4:"file";s:29:"unicorn-wallpaper-300x225.jpg";s:5:"width";i:300;s:6:"height";i:225;s:9:"mime-type";s:10:"image/jpeg";}s:5:"large";a:4:{s:4:"file";s:30:"unicorn-wallpaper-1024x768.jpg";s:5:"width";i:1024;s:6:"height";i:768;s:9:"mime-type";s:10:"image/jpeg";}}s:10:"image_meta";a:10:{s:8:"aperture";i:0;s:6:"credit";s:0:"";s:6:"camera";s:0:"";s:7:"caption";s:0:"";s:17:"created_timestamp";i:0;s:9:"copyright";s:0:"";s:12:"focal_length";i:0;s:3:"iso";i:0;s:13:"shutter_speed";i:0;s:5:"title";s:0:"";}}') ;
INSERT INTO `wp_np2postmeta` ( `meta_id`, `post_id`, `meta_key`, `meta_value`) VALUES
(103, 967, '_wp_attachment_image_alt', 'Unicorn Wallpaper'),
(104, 976, '_wp_attached_file', '2013/03/Eddy-Need-Remix.mp3'),
(105, 977, '_wp_attached_file', '2014/09/Eddy-Need-Remix-mp3-image.jpg'),
(106, 977, '_cover_hash', 'c64cd26a9d9500018888b373146cac8d'),
(107, 977, '_wp_attachment_metadata', 'a:5:{s:5:"width";i:555;s:6:"height";i:550;s:4:"file";s:37:"2014/09/Eddy-Need-Remix-mp3-image.jpg";s:5:"sizes";a:2:{s:9:"thumbnail";a:4:{s:4:"file";s:37:"Eddy-Need-Remix-mp3-image-150x150.jpg";s:5:"width";i:150;s:6:"height";i:150;s:9:"mime-type";s:10:"image/jpeg";}s:6:"medium";a:4:{s:4:"file";s:37:"Eddy-Need-Remix-mp3-image-300x297.jpg";s:5:"width";i:300;s:6:"height";i:297;s:9:"mime-type";s:10:"image/jpeg";}}s:10:"image_meta";a:10:{s:8:"aperture";i:0;s:6:"credit";s:0:"";s:6:"camera";s:0:"";s:7:"caption";s:0:"";s:17:"created_timestamp";i:0;s:9:"copyright";s:0:"";s:12:"focal_length";i:0;s:3:"iso";i:0;s:13:"shutter_speed";i:0;s:5:"title";s:0:"";}}'),
(108, 976, '_thumbnail_id', '977'),
(109, 976, '_wp_attachment_metadata', 'a:23:{s:10:"dataformat";s:3:"mp3";s:8:"channels";i:2;s:11:"sample_rate";i:44100;s:7:"bitrate";i:320000;s:11:"channelmode";s:12:"joint stereo";s:12:"bitrate_mode";s:3:"cbr";s:8:"lossless";b:0;s:15:"encoder_options";s:6:"CBR320";s:17:"compression_ratio";d:0.226757369614512482858259545537293888628482818603515625;s:10:"fileformat";s:3:"mp3";s:8:"filesize";i:11039151;s:9:"mime_type";s:10:"audio/mpeg";s:6:"length";i:274;s:16:"length_formatted";s:4:"4:34";s:16:"encoder_settings";s:15:"Logic Pro 9.0.2";s:7:"comment";s:91:" 0000163A 000016B9 00012140 000124C0 0002E434 000028D0 00009437 00009503 00022F49 00022F49\0";s:5:"title";s:13:"NEED (remix) ";s:6:"artist";s:4:"Eddy";s:4:"band";s:31:"Eddy, Trey Roth, Jared Erickson";s:5:"album";s:5:"Remix";s:4:"year";s:4:"2011";s:5:"genre";s:5:"Dance";s:5:"image";a:1:{s:4:"mime";s:10:"image/jpeg";}}'),
(110, 1022, '_wp_attached_file', '2013/03/featured-image-horizontal.jpg'),
(111, 1022, '_wp_attachment_metadata', 'a:5:{s:5:"width";i:580;s:6:"height";i:300;s:4:"file";s:37:"2013/03/featured-image-horizontal.jpg";s:5:"sizes";a:2:{s:9:"thumbnail";a:4:{s:4:"file";s:37:"featured-image-horizontal-150x150.jpg";s:5:"width";i:150;s:6:"height";i:150;s:9:"mime-type";s:10:"image/jpeg";}s:6:"medium";a:4:{s:4:"file";s:37:"featured-image-horizontal-300x155.jpg";s:5:"width";i:300;s:6:"height";i:155;s:9:"mime-type";s:10:"image/jpeg";}}s:10:"image_meta";a:10:{s:8:"aperture";i:0;s:6:"credit";s:0:"";s:6:"camera";s:0:"";s:7:"caption";s:0:"";s:17:"created_timestamp";i:0;s:9:"copyright";s:0:"";s:12:"focal_length";i:0;s:3:"iso";i:0;s:13:"shutter_speed";i:0;s:5:"title";s:0:"";}}'),
(112, 1022, '_wp_attachment_image_alt', 'Horizontal Featured Image'),
(113, 1024, '_wp_attached_file', '2013/03/featured-image-vertical.jpg'),
(114, 1024, '_wp_attachment_metadata', 'a:5:{s:5:"width";i:300;s:6:"height";i:580;s:4:"file";s:35:"2013/03/featured-image-vertical.jpg";s:5:"sizes";a:2:{s:9:"thumbnail";a:4:{s:4:"file";s:35:"featured-image-vertical-150x150.jpg";s:5:"width";i:150;s:6:"height";i:150;s:9:"mime-type";s:10:"image/jpeg";}s:6:"medium";a:4:{s:4:"file";s:35:"featured-image-vertical-155x300.jpg";s:5:"width";i:155;s:6:"height";i:300;s:9:"mime-type";s:10:"image/jpeg";}}s:10:"image_meta";a:10:{s:8:"aperture";i:0;s:6:"credit";s:0:"";s:6:"camera";s:0:"";s:7:"caption";s:0:"";s:17:"created_timestamp";i:0;s:9:"copyright";s:0:"";s:12:"focal_length";i:0;s:3:"iso";i:0;s:13:"shutter_speed";i:0;s:5:"title";s:0:"";}}'),
(115, 1024, '_wp_attachment_image_alt', 'Horizontal Featured Image'),
(116, 1037, '_wp_attached_file', '2013/03/captian-america.jpg'),
(117, 1037, '_wp_attachment_metadata', 'a:5:{s:5:"width";i:900;s:6:"height";i:1363;s:4:"file";s:27:"2013/03/captian-america.jpg";s:5:"sizes";a:3:{s:9:"thumbnail";a:4:{s:4:"file";s:27:"captian-america-150x150.jpg";s:5:"width";i:150;s:6:"height";i:150;s:9:"mime-type";s:10:"image/jpeg";}s:6:"medium";a:4:{s:4:"file";s:27:"captian-america-198x300.jpg";s:5:"width";i:198;s:6:"height";i:300;s:9:"mime-type";s:10:"image/jpeg";}s:5:"large";a:4:{s:4:"file";s:28:"captian-america-676x1024.jpg";s:5:"width";i:676;s:6:"height";i:1024;s:9:"mime-type";s:10:"image/jpeg";}}s:10:"image_meta";a:10:{s:8:"aperture";i:0;s:6:"credit";s:0:"";s:6:"camera";s:0:"";s:7:"caption";s:0:"";s:17:"created_timestamp";i:0;s:9:"copyright";s:0:"";s:12:"focal_length";i:0;s:3:"iso";i:0;s:13:"shutter_speed";i:0;s:5:"title";s:0:"";}}'),
(118, 1037, '_wp_attachment_image_alt', 'Captian America'),
(119, 1038, '_wp_attached_file', '2013/03/fight-club.jpg'),
(120, 1038, '_wp_attachment_metadata', 'a:5:{s:5:"width";i:1200;s:6:"height";i:1766;s:4:"file";s:22:"2013/03/fight-club.jpg";s:5:"sizes";a:3:{s:9:"thumbnail";a:4:{s:4:"file";s:22:"fight-club-150x150.jpg";s:5:"width";i:150;s:6:"height";i:150;s:9:"mime-type";s:10:"image/jpeg";}s:6:"medium";a:4:{s:4:"file";s:22:"fight-club-203x300.jpg";s:5:"width";i:203;s:6:"height";i:300;s:9:"mime-type";s:10:"image/jpeg";}s:5:"large";a:4:{s:4:"file";s:23:"fight-club-695x1024.jpg";s:5:"width";i:695;s:6:"height";i:1024;s:9:"mime-type";s:10:"image/jpeg";}}s:10:"image_meta";a:10:{s:8:"aperture";d:0;s:6:"credit";s:0:"";s:6:"camera";s:0:"";s:7:"caption";s:0:"";s:17:"created_timestamp";i:0;s:9:"copyright";s:0:"";s:12:"focal_length";s:1:"0";s:3:"iso";s:1:"0";s:13:"shutter_speed";s:1:"0";s:5:"title";s:0:"";}}'),
(121, 1038, '_wp_attachment_image_alt', 'Fight Club'),
(122, 1039, '_wp_attached_file', '2013/03/ironman-2.jpg'),
(123, 1039, '_wp_attachment_metadata', 'a:5:{s:5:"width";i:800;s:6:"height";i:1180;s:4:"file";s:21:"2013/03/ironman-2.jpg";s:5:"sizes";a:3:{s:9:"thumbnail";a:4:{s:4:"file";s:21:"ironman-2-150x150.jpg";s:5:"width";i:150;s:6:"height";i:150;s:9:"mime-type";s:10:"image/jpeg";}s:6:"medium";a:4:{s:4:"file";s:21:"ironman-2-203x300.jpg";s:5:"width";i:203;s:6:"height";i:300;s:9:"mime-type";s:10:"image/jpeg";}s:5:"large";a:4:{s:4:"file";s:22:"ironman-2-694x1024.jpg";s:5:"width";i:694;s:6:"height";i:1024;s:9:"mime-type";s:10:"image/jpeg";}}s:10:"image_meta";a:10:{s:8:"aperture";i:0;s:6:"credit";s:0:"";s:6:"camera";s:0:"";s:7:"caption";s:0:"";s:17:"created_timestamp";i:0;s:9:"copyright";s:0:"";s:12:"focal_length";i:0;s:3:"iso";i:0;s:13:"shutter_speed";i:0;s:5:"title";s:0:"";}}'),
(124, 1039, '_wp_attachment_image_alt', 'Iron Man 2'),
(125, 1040, '_wp_attached_file', '2013/03/man-of-steel.jpg'),
(126, 1040, '_wp_attachment_metadata', 'a:5:{s:5:"width";i:940;s:6:"height";i:1394;s:4:"file";s:24:"2013/03/man-of-steel.jpg";s:5:"sizes";a:3:{s:9:"thumbnail";a:4:{s:4:"file";s:24:"man-of-steel-150x150.jpg";s:5:"width";i:150;s:6:"height";i:150;s:9:"mime-type";s:10:"image/jpeg";}s:6:"medium";a:4:{s:4:"file";s:24:"man-of-steel-202x300.jpg";s:5:"width";i:202;s:6:"height";i:300;s:9:"mime-type";s:10:"image/jpeg";}s:5:"large";a:4:{s:4:"file";s:25:"man-of-steel-690x1024.jpg";s:5:"width";i:690;s:6:"height";i:1024;s:9:"mime-type";s:10:"image/jpeg";}}s:10:"image_meta";a:10:{s:8:"aperture";i:0;s:6:"credit";s:0:"";s:6:"camera";s:0:"";s:7:"caption";s:0:"";s:17:"created_timestamp";i:0;s:9:"copyright";s:0:"";s:12:"focal_length";i:0;s:3:"iso";i:0;s:13:"shutter_speed";i:0;s:5:"title";s:0:"";}}'),
(127, 1040, '_wp_attachment_image_alt', 'Man Of Steel'),
(128, 1041, '_wp_attached_file', '2013/03/spider-man.jpg'),
(129, 1041, '_wp_attachment_metadata', 'a:5:{s:5:"width";i:1012;s:6:"height";i:1500;s:4:"file";s:22:"2013/03/spider-man.jpg";s:5:"sizes";a:3:{s:9:"thumbnail";a:4:{s:4:"file";s:22:"spider-man-150x150.jpg";s:5:"width";i:150;s:6:"height";i:150;s:9:"mime-type";s:10:"image/jpeg";}s:6:"medium";a:4:{s:4:"file";s:22:"spider-man-202x300.jpg";s:5:"width";i:202;s:6:"height";i:300;s:9:"mime-type";s:10:"image/jpeg";}s:5:"large";a:4:{s:4:"file";s:23:"spider-man-690x1024.jpg";s:5:"width";i:690;s:6:"height";i:1024;s:9:"mime-type";s:10:"image/jpeg";}}s:10:"image_meta";a:10:{s:8:"aperture";i:0;s:6:"credit";s:0:"";s:6:"camera";s:0:"";s:7:"caption";s:0:"";s:17:"created_timestamp";i:0;s:9:"copyright";s:0:"";s:12:"focal_length";i:0;s:3:"iso";i:0;s:13:"shutter_speed";i:0;s:5:"title";s:0:"";}}'),
(130, 1041, '_wp_attachment_image_alt', 'The Amazing Spider Man'),
(131, 1042, '_wp_attached_file', '2013/03/the-dark-knight-rises.jpg'),
(132, 1042, '_wp_attachment_metadata', 'a:5:{s:5:"width";i:620;s:6:"height";i:935;s:4:"file";s:33:"2013/03/the-dark-knight-rises.jpg";s:5:"sizes";a:2:{s:9:"thumbnail";a:4:{s:4:"file";s:33:"the-dark-knight-rises-150x150.jpg";s:5:"width";i:150;s:6:"height";i:150;s:9:"mime-type";s:10:"image/jpeg";}s:6:"medium";a:4:{s:4:"file";s:33:"the-dark-knight-rises-198x300.jpg";s:5:"width";i:198;s:6:"height";i:300;s:9:"mime-type";s:10:"image/jpeg";}}s:10:"image_meta";a:10:{s:8:"aperture";i:0;s:6:"credit";s:0:"";s:6:"camera";s:0:"";s:7:"caption";s:0:"";s:17:"created_timestamp";i:0;s:9:"copyright";s:0:"";s:12:"focal_length";i:0;s:3:"iso";i:0;s:13:"shutter_speed";i:0;s:5:"title";s:0:"";}}'),
(133, 1042, '_wp_attachment_image_alt', 'The Dark Knight Rises'),
(134, 1071, '_wp_attached_file', '2013/03/static-pages.png'),
(135, 1071, '_wp_attachment_metadata', 'a:5:{s:5:"width";i:1390;s:6:"height";i:1022;s:4:"file";s:24:"2013/03/static-pages.png";s:5:"sizes";a:3:{s:9:"thumbnail";a:4:{s:4:"file";s:24:"static-pages-150x150.png";s:5:"width";i:150;s:6:"height";i:150;s:9:"mime-type";s:9:"image/png";}s:6:"medium";a:4:{s:4:"file";s:24:"static-pages-300x220.png";s:5:"width";i:300;s:6:"height";i:220;s:9:"mime-type";s:9:"image/png";}s:5:"large";a:4:{s:4:"file";s:25:"static-pages-1024x752.png";s:5:"width";i:1024;s:6:"height";i:752;s:9:"mime-type";s:9:"image/png";}}s:10:"image_meta";a:10:{s:8:"aperture";i:0;s:6:"credit";s:0:"";s:6:"camera";s:0:"";s:7:"caption";s:0:"";s:17:"created_timestamp";i:0;s:9:"copyright";s:0:"";s:12:"focal_length";i:0;s:3:"iso";i:0;s:13:"shutter_speed";i:0;s:5:"title";s:0:"";}}'),
(136, 1071, '_wp_attachment_image_alt', 'Static Pages'),
(137, 1072, '_menu_item_type', 'custom'),
(138, 1072, '_menu_item_menu_item_parent', '0'),
(139, 1072, '_menu_item_object_id', '1072'),
(140, 1072, '_menu_item_object', 'custom'),
(141, 1072, '_menu_item_target', ''),
(142, 1072, '_menu_item_classes', 'a:1:{i:0;s:0:"";}'),
(143, 1072, '_menu_item_xfn', ''),
(144, 1072, '_menu_item_url', 'http://wptest.io/demo/'),
(145, 1073, '_menu_item_type', 'taxonomy'),
(146, 1073, '_menu_item_menu_item_parent', '0'),
(147, 1073, '_menu_item_object_id', '2'),
(148, 1073, '_menu_item_object', 'category'),
(149, 1073, '_menu_item_target', ''),
(150, 1073, '_menu_item_classes', 'a:1:{i:0;s:0:"";}'),
(151, 1073, '_menu_item_xfn', ''),
(152, 1073, '_menu_item_url', ''),
(153, 1074, '_menu_item_type', 'taxonomy'),
(154, 1074, '_menu_item_menu_item_parent', '0'),
(155, 1074, '_menu_item_object_id', '3'),
(156, 1074, '_menu_item_object', 'category'),
(157, 1074, '_menu_item_target', ''),
(158, 1074, '_menu_item_classes', 'a:1:{i:0;s:0:"";}'),
(159, 1074, '_menu_item_xfn', ''),
(160, 1074, '_menu_item_url', ''),
(161, 1075, '_menu_item_type', 'taxonomy'),
(162, 1075, '_menu_item_menu_item_parent', '0'),
(163, 1075, '_menu_item_object_id', '4'),
(164, 1075, '_menu_item_object', 'category'),
(165, 1075, '_menu_item_target', ''),
(166, 1075, '_menu_item_classes', 'a:1:{i:0;s:0:"";}'),
(167, 1075, '_menu_item_xfn', ''),
(168, 1075, '_menu_item_url', ''),
(169, 1076, '_menu_item_type', 'taxonomy'),
(170, 1076, '_menu_item_menu_item_parent', '0'),
(171, 1076, '_menu_item_object_id', '5'),
(172, 1076, '_menu_item_object', 'category'),
(173, 1076, '_menu_item_target', ''),
(174, 1076, '_menu_item_classes', 'a:1:{i:0;s:0:"";}'),
(175, 1076, '_menu_item_xfn', ''),
(176, 1076, '_menu_item_url', ''),
(177, 1077, '_menu_item_type', 'taxonomy'),
(178, 1077, '_menu_item_menu_item_parent', '0'),
(179, 1077, '_menu_item_object_id', '6'),
(180, 1077, '_menu_item_object', 'category'),
(181, 1077, '_menu_item_target', ''),
(182, 1077, '_menu_item_classes', 'a:1:{i:0;s:0:"";}'),
(183, 1077, '_menu_item_xfn', ''),
(184, 1077, '_menu_item_url', ''),
(185, 1078, '_menu_item_type', 'taxonomy'),
(186, 1078, '_menu_item_menu_item_parent', '0'),
(187, 1078, '_menu_item_object_id', '7'),
(188, 1078, '_menu_item_object', 'category'),
(189, 1078, '_menu_item_target', ''),
(190, 1078, '_menu_item_classes', 'a:1:{i:0;s:0:"";}'),
(191, 1078, '_menu_item_xfn', ''),
(192, 1078, '_menu_item_url', ''),
(193, 1079, '_menu_item_type', 'taxonomy'),
(194, 1079, '_menu_item_menu_item_parent', '0'),
(195, 1079, '_menu_item_object_id', '8'),
(196, 1079, '_menu_item_object', 'category'),
(197, 1079, '_menu_item_target', ''),
(198, 1079, '_menu_item_classes', 'a:1:{i:0;s:0:"";}'),
(199, 1079, '_menu_item_xfn', ''),
(200, 1079, '_menu_item_url', ''),
(201, 1080, '_menu_item_type', 'taxonomy'),
(202, 1080, '_menu_item_menu_item_parent', '0') ;
INSERT INTO `wp_np2postmeta` ( `meta_id`, `post_id`, `meta_key`, `meta_value`) VALUES
(203, 1080, '_menu_item_object_id', '9'),
(204, 1080, '_menu_item_object', 'category'),
(205, 1080, '_menu_item_target', ''),
(206, 1080, '_menu_item_classes', 'a:1:{i:0;s:0:"";}'),
(207, 1080, '_menu_item_xfn', ''),
(208, 1080, '_menu_item_url', ''),
(209, 1081, '_menu_item_type', 'taxonomy'),
(210, 1081, '_menu_item_menu_item_parent', '0'),
(211, 1081, '_menu_item_object_id', '10'),
(212, 1081, '_menu_item_object', 'category'),
(213, 1081, '_menu_item_target', ''),
(214, 1081, '_menu_item_classes', 'a:1:{i:0;s:0:"";}'),
(215, 1081, '_menu_item_xfn', ''),
(216, 1081, '_menu_item_url', ''),
(217, 1082, '_menu_item_type', 'taxonomy'),
(218, 1082, '_menu_item_menu_item_parent', '0'),
(219, 1082, '_menu_item_object_id', '11'),
(220, 1082, '_menu_item_object', 'category'),
(221, 1082, '_menu_item_target', ''),
(222, 1082, '_menu_item_classes', 'a:1:{i:0;s:0:"";}'),
(223, 1082, '_menu_item_xfn', ''),
(224, 1082, '_menu_item_url', ''),
(225, 1083, '_menu_item_type', 'taxonomy'),
(226, 1083, '_menu_item_menu_item_parent', '0'),
(227, 1083, '_menu_item_object_id', '12'),
(228, 1083, '_menu_item_object', 'category'),
(229, 1083, '_menu_item_target', ''),
(230, 1083, '_menu_item_classes', 'a:1:{i:0;s:0:"";}'),
(231, 1083, '_menu_item_xfn', ''),
(232, 1083, '_menu_item_url', ''),
(233, 1084, '_menu_item_type', 'taxonomy'),
(234, 1084, '_menu_item_menu_item_parent', '0'),
(235, 1084, '_menu_item_object_id', '13'),
(236, 1084, '_menu_item_object', 'category'),
(237, 1084, '_menu_item_target', ''),
(238, 1084, '_menu_item_classes', 'a:1:{i:0;s:0:"";}'),
(239, 1084, '_menu_item_xfn', ''),
(240, 1084, '_menu_item_url', ''),
(241, 1085, '_menu_item_type', 'taxonomy'),
(242, 1085, '_menu_item_menu_item_parent', '0'),
(243, 1085, '_menu_item_object_id', '14'),
(244, 1085, '_menu_item_object', 'category'),
(245, 1085, '_menu_item_target', ''),
(246, 1085, '_menu_item_classes', 'a:1:{i:0;s:0:"";}'),
(247, 1085, '_menu_item_xfn', ''),
(248, 1085, '_menu_item_url', ''),
(249, 1086, '_menu_item_type', 'taxonomy'),
(250, 1086, '_menu_item_menu_item_parent', '0'),
(251, 1086, '_menu_item_object_id', '15'),
(252, 1086, '_menu_item_object', 'category'),
(253, 1086, '_menu_item_target', ''),
(254, 1086, '_menu_item_classes', 'a:1:{i:0;s:0:"";}'),
(255, 1086, '_menu_item_xfn', ''),
(256, 1086, '_menu_item_url', ''),
(257, 1087, '_menu_item_type', 'taxonomy'),
(258, 1087, '_menu_item_menu_item_parent', '0'),
(259, 1087, '_menu_item_object_id', '16'),
(260, 1087, '_menu_item_object', 'category'),
(261, 1087, '_menu_item_target', ''),
(262, 1087, '_menu_item_classes', 'a:1:{i:0;s:0:"";}'),
(263, 1087, '_menu_item_xfn', ''),
(264, 1087, '_menu_item_url', ''),
(265, 1088, '_menu_item_type', 'taxonomy'),
(266, 1088, '_menu_item_menu_item_parent', '0'),
(267, 1088, '_menu_item_object_id', '17'),
(268, 1088, '_menu_item_object', 'category'),
(269, 1088, '_menu_item_target', ''),
(270, 1088, '_menu_item_classes', 'a:1:{i:0;s:0:"";}'),
(271, 1088, '_menu_item_xfn', ''),
(272, 1088, '_menu_item_url', ''),
(273, 1089, '_menu_item_type', 'taxonomy'),
(274, 1089, '_menu_item_menu_item_parent', '0'),
(275, 1089, '_menu_item_object_id', '18'),
(276, 1089, '_menu_item_object', 'category'),
(277, 1089, '_menu_item_target', ''),
(278, 1089, '_menu_item_classes', 'a:1:{i:0;s:0:"";}'),
(279, 1089, '_menu_item_xfn', ''),
(280, 1089, '_menu_item_url', ''),
(281, 1090, '_menu_item_type', 'taxonomy'),
(282, 1090, '_menu_item_menu_item_parent', '0'),
(283, 1090, '_menu_item_object_id', '19'),
(284, 1090, '_menu_item_object', 'category'),
(285, 1090, '_menu_item_target', ''),
(286, 1090, '_menu_item_classes', 'a:1:{i:0;s:0:"";}'),
(287, 1090, '_menu_item_xfn', ''),
(288, 1090, '_menu_item_url', ''),
(289, 1091, '_menu_item_type', 'taxonomy'),
(290, 1091, '_menu_item_menu_item_parent', '0'),
(291, 1091, '_menu_item_object_id', '20'),
(292, 1091, '_menu_item_object', 'category'),
(293, 1091, '_menu_item_target', ''),
(294, 1091, '_menu_item_classes', 'a:1:{i:0;s:0:"";}'),
(295, 1091, '_menu_item_xfn', ''),
(296, 1091, '_menu_item_url', ''),
(297, 1092, '_menu_item_type', 'taxonomy'),
(298, 1092, '_menu_item_menu_item_parent', '0'),
(299, 1092, '_menu_item_object_id', '21'),
(300, 1092, '_menu_item_object', 'category'),
(301, 1092, '_menu_item_target', ''),
(302, 1092, '_menu_item_classes', 'a:1:{i:0;s:0:"";}') ;
INSERT INTO `wp_np2postmeta` ( `meta_id`, `post_id`, `meta_key`, `meta_value`) VALUES
(303, 1092, '_menu_item_xfn', ''),
(304, 1092, '_menu_item_url', ''),
(305, 1093, '_menu_item_type', 'taxonomy'),
(306, 1093, '_menu_item_menu_item_parent', '0'),
(307, 1093, '_menu_item_object_id', '22'),
(308, 1093, '_menu_item_object', 'category'),
(309, 1093, '_menu_item_target', ''),
(310, 1093, '_menu_item_classes', 'a:1:{i:0;s:0:"";}'),
(311, 1093, '_menu_item_xfn', ''),
(312, 1093, '_menu_item_url', ''),
(313, 1094, '_menu_item_type', 'taxonomy'),
(314, 1094, '_menu_item_menu_item_parent', '0'),
(315, 1094, '_menu_item_object_id', '37'),
(316, 1094, '_menu_item_object', 'category'),
(317, 1094, '_menu_item_target', ''),
(318, 1094, '_menu_item_classes', 'a:1:{i:0;s:0:"";}'),
(319, 1094, '_menu_item_xfn', ''),
(320, 1094, '_menu_item_url', ''),
(321, 1095, '_menu_item_type', 'taxonomy'),
(322, 1095, '_menu_item_menu_item_parent', '0'),
(323, 1095, '_menu_item_object_id', '38'),
(324, 1095, '_menu_item_object', 'category'),
(325, 1095, '_menu_item_target', ''),
(326, 1095, '_menu_item_classes', 'a:1:{i:0;s:0:"";}'),
(327, 1095, '_menu_item_xfn', ''),
(328, 1095, '_menu_item_url', ''),
(329, 1096, '_menu_item_type', 'taxonomy'),
(330, 1096, '_menu_item_menu_item_parent', '0'),
(331, 1096, '_menu_item_object_id', '39'),
(332, 1096, '_menu_item_object', 'category'),
(333, 1096, '_menu_item_target', ''),
(334, 1096, '_menu_item_classes', 'a:1:{i:0;s:0:"";}'),
(335, 1096, '_menu_item_xfn', ''),
(336, 1096, '_menu_item_url', ''),
(337, 1097, '_menu_item_type', 'taxonomy'),
(338, 1097, '_menu_item_menu_item_parent', '0'),
(339, 1097, '_menu_item_object_id', '42'),
(340, 1097, '_menu_item_object', 'category'),
(341, 1097, '_menu_item_target', ''),
(342, 1097, '_menu_item_classes', 'a:1:{i:0;s:0:"";}'),
(343, 1097, '_menu_item_xfn', ''),
(344, 1097, '_menu_item_url', ''),
(345, 1098, '_menu_item_type', 'taxonomy'),
(346, 1098, '_menu_item_menu_item_parent', '0'),
(347, 1098, '_menu_item_object_id', '40'),
(348, 1098, '_menu_item_object', 'category'),
(349, 1098, '_menu_item_target', ''),
(350, 1098, '_menu_item_classes', 'a:1:{i:0;s:0:"";}'),
(351, 1098, '_menu_item_xfn', ''),
(352, 1098, '_menu_item_url', ''),
(353, 1099, '_menu_item_type', 'taxonomy'),
(354, 1099, '_menu_item_menu_item_parent', '0'),
(355, 1099, '_menu_item_object_id', '41'),
(356, 1099, '_menu_item_object', 'category'),
(357, 1099, '_menu_item_target', ''),
(358, 1099, '_menu_item_classes', 'a:1:{i:0;s:0:"";}'),
(359, 1099, '_menu_item_xfn', ''),
(360, 1099, '_menu_item_url', ''),
(361, 1100, '_menu_item_type', 'taxonomy'),
(362, 1100, '_menu_item_menu_item_parent', '0'),
(363, 1100, '_menu_item_object_id', '23'),
(364, 1100, '_menu_item_object', 'category'),
(365, 1100, '_menu_item_target', ''),
(366, 1100, '_menu_item_classes', 'a:1:{i:0;s:0:"";}'),
(367, 1100, '_menu_item_xfn', ''),
(368, 1100, '_menu_item_url', ''),
(369, 1101, '_menu_item_type', 'taxonomy'),
(370, 1101, '_menu_item_menu_item_parent', '0'),
(371, 1101, '_menu_item_object_id', '24'),
(372, 1101, '_menu_item_object', 'category'),
(373, 1101, '_menu_item_target', ''),
(374, 1101, '_menu_item_classes', 'a:1:{i:0;s:0:"";}'),
(375, 1101, '_menu_item_xfn', ''),
(376, 1101, '_menu_item_url', ''),
(377, 1102, '_menu_item_type', 'taxonomy'),
(378, 1102, '_menu_item_menu_item_parent', '0'),
(379, 1102, '_menu_item_object_id', '25'),
(380, 1102, '_menu_item_object', 'category'),
(381, 1102, '_menu_item_target', ''),
(382, 1102, '_menu_item_classes', 'a:1:{i:0;s:0:"";}'),
(383, 1102, '_menu_item_xfn', ''),
(384, 1102, '_menu_item_url', ''),
(385, 1103, '_menu_item_type', 'taxonomy'),
(386, 1103, '_menu_item_menu_item_parent', '0'),
(387, 1103, '_menu_item_object_id', '26'),
(388, 1103, '_menu_item_object', 'category'),
(389, 1103, '_menu_item_target', ''),
(390, 1103, '_menu_item_classes', 'a:1:{i:0;s:0:"";}'),
(391, 1103, '_menu_item_xfn', ''),
(392, 1103, '_menu_item_url', ''),
(393, 1104, '_menu_item_type', 'taxonomy'),
(394, 1104, '_menu_item_menu_item_parent', '0'),
(395, 1104, '_menu_item_object_id', '27'),
(396, 1104, '_menu_item_object', 'category'),
(397, 1104, '_menu_item_target', ''),
(398, 1104, '_menu_item_classes', 'a:1:{i:0;s:0:"";}'),
(399, 1104, '_menu_item_xfn', ''),
(400, 1104, '_menu_item_url', ''),
(401, 1105, '_menu_item_type', 'taxonomy'),
(402, 1105, '_menu_item_menu_item_parent', '0') ;
INSERT INTO `wp_np2postmeta` ( `meta_id`, `post_id`, `meta_key`, `meta_value`) VALUES
(403, 1105, '_menu_item_object_id', '28'),
(404, 1105, '_menu_item_object', 'category'),
(405, 1105, '_menu_item_target', ''),
(406, 1105, '_menu_item_classes', 'a:1:{i:0;s:0:"";}'),
(407, 1105, '_menu_item_xfn', ''),
(408, 1105, '_menu_item_url', ''),
(409, 1106, '_menu_item_type', 'taxonomy'),
(410, 1106, '_menu_item_menu_item_parent', '0'),
(411, 1106, '_menu_item_object_id', '29'),
(412, 1106, '_menu_item_object', 'category'),
(413, 1106, '_menu_item_target', ''),
(414, 1106, '_menu_item_classes', 'a:1:{i:0;s:0:"";}'),
(415, 1106, '_menu_item_xfn', ''),
(416, 1106, '_menu_item_url', ''),
(417, 1107, '_menu_item_type', 'taxonomy'),
(418, 1107, '_menu_item_menu_item_parent', '0'),
(419, 1107, '_menu_item_object_id', '31'),
(420, 1107, '_menu_item_object', 'category'),
(421, 1107, '_menu_item_target', ''),
(422, 1107, '_menu_item_classes', 'a:1:{i:0;s:0:"";}'),
(423, 1107, '_menu_item_xfn', ''),
(424, 1107, '_menu_item_url', ''),
(425, 1108, '_menu_item_type', 'taxonomy'),
(426, 1108, '_menu_item_menu_item_parent', '0'),
(427, 1108, '_menu_item_object_id', '32'),
(428, 1108, '_menu_item_object', 'category'),
(429, 1108, '_menu_item_target', ''),
(430, 1108, '_menu_item_classes', 'a:1:{i:0;s:0:"";}'),
(431, 1108, '_menu_item_xfn', ''),
(432, 1108, '_menu_item_url', ''),
(433, 1109, '_menu_item_type', 'taxonomy'),
(434, 1109, '_menu_item_menu_item_parent', '0'),
(435, 1109, '_menu_item_object_id', '33'),
(436, 1109, '_menu_item_object', 'category'),
(437, 1109, '_menu_item_target', ''),
(438, 1109, '_menu_item_classes', 'a:1:{i:0;s:0:"";}'),
(439, 1109, '_menu_item_xfn', ''),
(440, 1109, '_menu_item_url', ''),
(441, 1110, '_menu_item_type', 'taxonomy'),
(442, 1110, '_menu_item_menu_item_parent', '0'),
(443, 1110, '_menu_item_object_id', '1'),
(444, 1110, '_menu_item_object', 'category'),
(445, 1110, '_menu_item_target', ''),
(446, 1110, '_menu_item_classes', 'a:1:{i:0;s:0:"";}'),
(447, 1110, '_menu_item_xfn', ''),
(448, 1110, '_menu_item_url', ''),
(449, 1111, '_menu_item_type', 'taxonomy'),
(450, 1111, '_menu_item_menu_item_parent', '0'),
(451, 1111, '_menu_item_object_id', '34'),
(452, 1111, '_menu_item_object', 'category'),
(453, 1111, '_menu_item_target', ''),
(454, 1111, '_menu_item_classes', 'a:1:{i:0;s:0:"";}'),
(455, 1111, '_menu_item_xfn', ''),
(456, 1111, '_menu_item_url', ''),
(457, 1112, '_menu_item_type', 'taxonomy'),
(458, 1112, '_menu_item_menu_item_parent', '0'),
(459, 1112, '_menu_item_object_id', '35'),
(460, 1112, '_menu_item_object', 'category'),
(461, 1112, '_menu_item_target', ''),
(462, 1112, '_menu_item_classes', 'a:1:{i:0;s:0:"";}'),
(463, 1112, '_menu_item_xfn', ''),
(464, 1112, '_menu_item_url', ''),
(465, 1113, '_menu_item_type', 'taxonomy'),
(466, 1113, '_menu_item_menu_item_parent', '0'),
(467, 1113, '_menu_item_object_id', '36'),
(468, 1113, '_menu_item_object', 'category'),
(469, 1113, '_menu_item_target', ''),
(470, 1113, '_menu_item_classes', 'a:1:{i:0;s:0:"";}'),
(471, 1113, '_menu_item_xfn', ''),
(472, 1113, '_menu_item_url', ''),
(473, 1114, '_menu_item_type', 'custom'),
(474, 1114, '_menu_item_menu_item_parent', '0'),
(475, 1114, '_menu_item_object_id', '1114'),
(476, 1114, '_menu_item_object', 'custom'),
(477, 1114, '_menu_item_target', ''),
(478, 1114, '_menu_item_classes', 'a:1:{i:0;s:0:"";}'),
(479, 1114, '_menu_item_xfn', ''),
(480, 1114, '_menu_item_url', '#'),
(481, 1115, '_menu_item_type', 'custom'),
(482, 1115, '_menu_item_menu_item_parent', '0'),
(483, 1115, '_menu_item_object_id', '1115'),
(484, 1115, '_menu_item_object', 'custom'),
(485, 1115, '_menu_item_target', ''),
(486, 1115, '_menu_item_classes', 'a:1:{i:0;s:0:"";}'),
(487, 1115, '_menu_item_xfn', ''),
(488, 1115, '_menu_item_url', '#'),
(489, 1116, '_menu_item_type', 'taxonomy'),
(490, 1116, '_menu_item_menu_item_parent', '1115'),
(491, 1116, '_menu_item_object_id', '2'),
(492, 1116, '_menu_item_object', 'category'),
(493, 1116, '_menu_item_target', ''),
(494, 1116, '_menu_item_classes', 'a:1:{i:0;s:0:"";}'),
(495, 1116, '_menu_item_xfn', ''),
(496, 1116, '_menu_item_url', ''),
(497, 1117, '_menu_item_type', 'taxonomy'),
(498, 1117, '_menu_item_menu_item_parent', '1115'),
(499, 1117, '_menu_item_object_id', '8'),
(500, 1117, '_menu_item_object', 'category'),
(501, 1117, '_menu_item_target', ''),
(502, 1117, '_menu_item_classes', 'a:1:{i:0;s:0:"";}') ;
INSERT INTO `wp_np2postmeta` ( `meta_id`, `post_id`, `meta_key`, `meta_value`) VALUES
(503, 1117, '_menu_item_xfn', ''),
(504, 1117, '_menu_item_url', ''),
(505, 1118, '_menu_item_type', 'taxonomy'),
(506, 1118, '_menu_item_menu_item_parent', '1115'),
(507, 1118, '_menu_item_object_id', '10'),
(508, 1118, '_menu_item_object', 'category'),
(509, 1118, '_menu_item_target', ''),
(510, 1118, '_menu_item_classes', 'a:1:{i:0;s:0:"";}'),
(511, 1118, '_menu_item_xfn', ''),
(512, 1118, '_menu_item_url', ''),
(513, 1119, '_menu_item_type', 'taxonomy'),
(514, 1119, '_menu_item_menu_item_parent', '1115'),
(515, 1119, '_menu_item_object_id', '11'),
(516, 1119, '_menu_item_object', 'category'),
(517, 1119, '_menu_item_target', ''),
(518, 1119, '_menu_item_classes', 'a:1:{i:0;s:0:"";}'),
(519, 1119, '_menu_item_xfn', ''),
(520, 1119, '_menu_item_url', ''),
(521, 1120, '_menu_item_type', 'taxonomy'),
(522, 1120, '_menu_item_menu_item_parent', '1115'),
(523, 1120, '_menu_item_object_id', '12'),
(524, 1120, '_menu_item_object', 'category'),
(525, 1120, '_menu_item_target', ''),
(526, 1120, '_menu_item_classes', 'a:1:{i:0;s:0:"";}'),
(527, 1120, '_menu_item_xfn', ''),
(528, 1120, '_menu_item_url', ''),
(529, 1121, '_menu_item_type', 'taxonomy'),
(530, 1121, '_menu_item_menu_item_parent', '1115'),
(531, 1121, '_menu_item_object_id', '13'),
(532, 1121, '_menu_item_object', 'category'),
(533, 1121, '_menu_item_target', ''),
(534, 1121, '_menu_item_classes', 'a:1:{i:0;s:0:"";}'),
(535, 1121, '_menu_item_xfn', ''),
(536, 1121, '_menu_item_url', ''),
(537, 1122, '_menu_item_type', 'taxonomy'),
(538, 1122, '_menu_item_menu_item_parent', '1115'),
(539, 1122, '_menu_item_object_id', '14'),
(540, 1122, '_menu_item_object', 'category'),
(541, 1122, '_menu_item_target', ''),
(542, 1122, '_menu_item_classes', 'a:1:{i:0;s:0:"";}'),
(543, 1122, '_menu_item_xfn', ''),
(544, 1122, '_menu_item_url', ''),
(545, 1123, '_menu_item_type', 'taxonomy'),
(546, 1123, '_menu_item_menu_item_parent', '1115'),
(547, 1123, '_menu_item_object_id', '16'),
(548, 1123, '_menu_item_object', 'category'),
(549, 1123, '_menu_item_target', ''),
(550, 1123, '_menu_item_classes', 'a:1:{i:0;s:0:"";}'),
(551, 1123, '_menu_item_xfn', ''),
(552, 1123, '_menu_item_url', ''),
(553, 1124, '_menu_item_type', 'taxonomy'),
(554, 1124, '_menu_item_menu_item_parent', '1115'),
(555, 1124, '_menu_item_object_id', '17'),
(556, 1124, '_menu_item_object', 'category'),
(557, 1124, '_menu_item_target', ''),
(558, 1124, '_menu_item_classes', 'a:1:{i:0;s:0:"";}'),
(559, 1124, '_menu_item_xfn', ''),
(560, 1124, '_menu_item_url', ''),
(561, 1125, '_menu_item_type', 'taxonomy'),
(562, 1125, '_menu_item_menu_item_parent', '1115'),
(563, 1125, '_menu_item_object_id', '19'),
(564, 1125, '_menu_item_object', 'category'),
(565, 1125, '_menu_item_target', ''),
(566, 1125, '_menu_item_classes', 'a:1:{i:0;s:0:"";}'),
(567, 1125, '_menu_item_xfn', ''),
(568, 1125, '_menu_item_url', ''),
(569, 1126, '_menu_item_type', 'taxonomy'),
(570, 1126, '_menu_item_menu_item_parent', '1115'),
(571, 1126, '_menu_item_object_id', '20'),
(572, 1126, '_menu_item_object', 'category'),
(573, 1126, '_menu_item_target', ''),
(574, 1126, '_menu_item_classes', 'a:1:{i:0;s:0:"";}'),
(575, 1126, '_menu_item_xfn', ''),
(576, 1126, '_menu_item_url', ''),
(577, 1127, '_menu_item_type', 'taxonomy'),
(578, 1127, '_menu_item_menu_item_parent', '1115'),
(579, 1127, '_menu_item_object_id', '21'),
(580, 1127, '_menu_item_object', 'category'),
(581, 1127, '_menu_item_target', ''),
(582, 1127, '_menu_item_classes', 'a:1:{i:0;s:0:"";}'),
(583, 1127, '_menu_item_xfn', ''),
(584, 1127, '_menu_item_url', ''),
(585, 1128, '_menu_item_type', 'taxonomy'),
(586, 1128, '_menu_item_menu_item_parent', '1115'),
(587, 1128, '_menu_item_object_id', '23'),
(588, 1128, '_menu_item_object', 'category'),
(589, 1128, '_menu_item_target', ''),
(590, 1128, '_menu_item_classes', 'a:1:{i:0;s:0:"";}'),
(591, 1128, '_menu_item_xfn', ''),
(592, 1128, '_menu_item_url', ''),
(593, 1129, '_menu_item_type', 'taxonomy'),
(594, 1129, '_menu_item_menu_item_parent', '1115'),
(595, 1129, '_menu_item_object_id', '25'),
(596, 1129, '_menu_item_object', 'category'),
(597, 1129, '_menu_item_target', ''),
(598, 1129, '_menu_item_classes', 'a:1:{i:0;s:0:"";}'),
(599, 1129, '_menu_item_xfn', ''),
(600, 1129, '_menu_item_url', ''),
(601, 1130, '_menu_item_type', 'taxonomy'),
(602, 1130, '_menu_item_menu_item_parent', '1115') ;
INSERT INTO `wp_np2postmeta` ( `meta_id`, `post_id`, `meta_key`, `meta_value`) VALUES
(603, 1130, '_menu_item_object_id', '27'),
(604, 1130, '_menu_item_object', 'category'),
(605, 1130, '_menu_item_target', ''),
(606, 1130, '_menu_item_classes', 'a:1:{i:0;s:0:"";}'),
(607, 1130, '_menu_item_xfn', ''),
(608, 1130, '_menu_item_url', ''),
(609, 1131, '_menu_item_type', 'taxonomy'),
(610, 1131, '_menu_item_menu_item_parent', '1115'),
(611, 1131, '_menu_item_object_id', '31'),
(612, 1131, '_menu_item_object', 'category'),
(613, 1131, '_menu_item_target', ''),
(614, 1131, '_menu_item_classes', 'a:1:{i:0;s:0:"";}'),
(615, 1131, '_menu_item_xfn', ''),
(616, 1131, '_menu_item_url', ''),
(617, 1132, '_menu_item_type', 'taxonomy'),
(618, 1132, '_menu_item_menu_item_parent', '1115'),
(619, 1132, '_menu_item_object_id', '34'),
(620, 1132, '_menu_item_object', 'category'),
(621, 1132, '_menu_item_target', ''),
(622, 1132, '_menu_item_classes', 'a:1:{i:0;s:0:"";}'),
(623, 1132, '_menu_item_xfn', ''),
(624, 1132, '_menu_item_url', ''),
(625, 1133, '_menu_item_type', 'custom'),
(626, 1133, '_menu_item_menu_item_parent', '0'),
(627, 1133, '_menu_item_object_id', '1133'),
(628, 1133, '_menu_item_object', 'custom'),
(629, 1133, '_menu_item_target', ''),
(630, 1133, '_menu_item_classes', 'a:1:{i:0;s:0:"";}'),
(631, 1133, '_menu_item_xfn', ''),
(632, 1133, '_menu_item_url', '#'),
(633, 1134, '_menu_item_type', 'custom'),
(634, 1134, '_menu_item_menu_item_parent', '1133'),
(635, 1134, '_menu_item_object_id', '1134'),
(636, 1134, '_menu_item_object', 'custom'),
(637, 1134, '_menu_item_target', ''),
(638, 1134, '_menu_item_classes', 'a:1:{i:0;s:0:"";}'),
(639, 1134, '_menu_item_xfn', ''),
(640, 1134, '_menu_item_url', '#'),
(641, 1135, '_menu_item_type', 'custom'),
(642, 1135, '_menu_item_menu_item_parent', '1134'),
(643, 1135, '_menu_item_object_id', '1135'),
(644, 1135, '_menu_item_object', 'custom'),
(645, 1135, '_menu_item_target', ''),
(646, 1135, '_menu_item_classes', 'a:1:{i:0;s:0:"";}'),
(647, 1135, '_menu_item_xfn', ''),
(648, 1135, '_menu_item_url', '#'),
(649, 1136, '_menu_item_type', 'custom'),
(650, 1136, '_menu_item_menu_item_parent', '1135'),
(651, 1136, '_menu_item_object_id', '1136'),
(652, 1136, '_menu_item_object', 'custom'),
(653, 1136, '_menu_item_target', ''),
(654, 1136, '_menu_item_classes', 'a:1:{i:0;s:0:"";}'),
(655, 1136, '_menu_item_xfn', ''),
(656, 1136, '_menu_item_url', '#'),
(657, 1137, '_menu_item_type', 'custom'),
(658, 1137, '_menu_item_menu_item_parent', '1136'),
(659, 1137, '_menu_item_object_id', '1137'),
(660, 1137, '_menu_item_object', 'custom'),
(661, 1137, '_menu_item_target', ''),
(662, 1137, '_menu_item_classes', 'a:1:{i:0;s:0:"";}'),
(663, 1137, '_menu_item_xfn', ''),
(664, 1137, '_menu_item_url', '#'),
(665, 1138, '_menu_item_type', 'custom'),
(666, 1138, '_menu_item_menu_item_parent', '1137'),
(667, 1138, '_menu_item_object_id', '1138'),
(668, 1138, '_menu_item_object', 'custom'),
(669, 1138, '_menu_item_target', ''),
(670, 1138, '_menu_item_classes', 'a:1:{i:0;s:0:"";}'),
(671, 1138, '_menu_item_xfn', ''),
(672, 1138, '_menu_item_url', '#'),
(673, 1139, '_menu_item_type', 'custom'),
(674, 1139, '_menu_item_menu_item_parent', '1138'),
(675, 1139, '_menu_item_object_id', '1139'),
(676, 1139, '_menu_item_object', 'custom'),
(677, 1139, '_menu_item_target', ''),
(678, 1139, '_menu_item_classes', 'a:1:{i:0;s:0:"";}'),
(679, 1139, '_menu_item_xfn', ''),
(680, 1139, '_menu_item_url', '#'),
(681, 1140, '_menu_item_type', 'custom'),
(682, 1140, '_menu_item_menu_item_parent', '1139'),
(683, 1140, '_menu_item_object_id', '1140'),
(684, 1140, '_menu_item_object', 'custom'),
(685, 1140, '_menu_item_target', ''),
(686, 1140, '_menu_item_classes', 'a:1:{i:0;s:0:"";}'),
(687, 1140, '_menu_item_xfn', ''),
(688, 1140, '_menu_item_url', '#'),
(689, 1141, '_menu_item_type', 'custom'),
(690, 1141, '_menu_item_menu_item_parent', '1140'),
(691, 1141, '_menu_item_object_id', '1141'),
(692, 1141, '_menu_item_object', 'custom'),
(693, 1141, '_menu_item_target', ''),
(694, 1141, '_menu_item_classes', 'a:1:{i:0;s:0:"";}'),
(695, 1141, '_menu_item_xfn', ''),
(696, 1141, '_menu_item_url', '#'),
(697, 1142, '_menu_item_type', 'custom'),
(698, 1142, '_menu_item_menu_item_parent', '1141'),
(699, 1142, '_menu_item_object_id', '1142'),
(700, 1142, '_menu_item_object', 'custom'),
(701, 1142, '_menu_item_target', ''),
(702, 1142, '_menu_item_classes', 'a:1:{i:0;s:0:"";}') ;
INSERT INTO `wp_np2postmeta` ( `meta_id`, `post_id`, `meta_key`, `meta_value`) VALUES
(703, 1142, '_menu_item_xfn', ''),
(704, 1142, '_menu_item_url', '#'),
(705, 1143, '_menu_item_type', 'custom'),
(706, 1143, '_menu_item_menu_item_parent', '1142'),
(707, 1143, '_menu_item_object_id', '1143'),
(708, 1143, '_menu_item_object', 'custom'),
(709, 1143, '_menu_item_target', ''),
(710, 1143, '_menu_item_classes', 'a:1:{i:0;s:0:"";}'),
(711, 1143, '_menu_item_xfn', ''),
(712, 1143, '_menu_item_url', '#'),
(713, 1144, '_menu_item_type', 'custom'),
(714, 1144, '_menu_item_menu_item_parent', '0'),
(715, 1144, '_menu_item_object_id', '1144'),
(716, 1144, '_menu_item_object', 'custom'),
(717, 1144, '_menu_item_target', ''),
(718, 1144, '_menu_item_classes', 'a:1:{i:0;s:0:"";}'),
(719, 1144, '_menu_item_xfn', ''),
(720, 1144, '_menu_item_url', '#'),
(721, 1062, '_edit_last', '2'),
(722, 1062, 'standard_seo_post_meta_description', ''),
(723, 1062, '_wp_page_template', 'default'),
(724, 1064, '_edit_last', '2'),
(725, 1064, '_wp_page_template', 'default'),
(726, 1066, '_edit_last', '2'),
(727, 1066, '_wp_page_template', 'default'),
(728, 1145, '_edit_last', '2'),
(729, 1145, '_wp_page_template', 'default'),
(730, 1146, '_edit_last', '2'),
(731, 1146, '_wp_page_template', 'default'),
(732, 1147, '_edit_last', '2'),
(733, 1147, '_wp_page_template', 'default'),
(734, 1148, '_edit_last', '2'),
(735, 1148, '_wp_page_template', 'default'),
(736, 1148, 'standard_seo_post_meta_description', ''),
(737, 1149, '_edit_last', '2'),
(738, 1149, '_wp_page_template', 'default'),
(739, 1149, 'standard_seo_post_meta_description', ''),
(740, 1150, '_edit_last', '2'),
(741, 1150, '_wp_page_template', 'default'),
(742, 1151, '_edit_last', '2'),
(743, 1151, '_wp_page_template', 'default'),
(744, 1152, '_edit_last', '2'),
(745, 1152, '_wp_page_template', 'default'),
(746, 1153, '_edit_last', '2'),
(747, 1153, '_wp_page_template', 'default'),
(748, 1154, '_edit_last', '2'),
(749, 1154, '_wp_page_template', 'default'),
(750, 1155, '_edit_last', '2'),
(751, 1155, '_wp_page_template', 'default'),
(752, 1156, '_menu_item_type', 'custom'),
(753, 1156, '_menu_item_menu_item_parent', '0'),
(754, 1156, '_menu_item_object_id', '1156'),
(755, 1156, '_menu_item_object', 'custom'),
(756, 1156, '_menu_item_target', ''),
(757, 1156, '_menu_item_classes', 'a:1:{i:0;s:0:"";}'),
(758, 1156, '_menu_item_xfn', ''),
(759, 1156, '_menu_item_url', '#'),
(760, 1157, '_menu_item_type', 'custom'),
(761, 1157, '_menu_item_menu_item_parent', '1144'),
(762, 1157, '_menu_item_object_id', '1157'),
(763, 1157, '_menu_item_object', 'custom'),
(764, 1157, '_menu_item_target', ''),
(765, 1157, '_menu_item_classes', 'a:1:{i:0;s:0:"";}'),
(766, 1157, '_menu_item_xfn', ''),
(767, 1157, '_menu_item_url', '#'),
(768, 1158, '_menu_item_type', 'custom'),
(769, 1158, '_menu_item_menu_item_parent', '1144'),
(770, 1158, '_menu_item_object_id', '1158'),
(771, 1158, '_menu_item_object', 'custom'),
(772, 1158, '_menu_item_target', ''),
(773, 1158, '_menu_item_classes', 'a:1:{i:0;s:21:"custom-menu-css-class";}'),
(774, 1158, '_menu_item_xfn', ''),
(775, 1158, '_menu_item_url', '#'),
(776, 1159, '_menu_item_type', 'custom'),
(777, 1159, '_menu_item_menu_item_parent', '1144'),
(778, 1159, '_menu_item_object_id', '1159'),
(779, 1159, '_menu_item_object', 'custom'),
(780, 1159, '_menu_item_target', '_blank'),
(781, 1159, '_menu_item_classes', 'a:1:{i:0;s:0:"";}'),
(782, 1159, '_menu_item_xfn', ''),
(783, 1159, '_menu_item_url', 'http://apple.com'),
(784, 1160, '_menu_item_type', 'taxonomy'),
(785, 1160, '_menu_item_menu_item_parent', '0'),
(786, 1160, '_menu_item_object_id', '30'),
(787, 1160, '_menu_item_object', 'category'),
(788, 1160, '_menu_item_target', ''),
(789, 1160, '_menu_item_classes', 'a:1:{i:0;s:0:"";}'),
(790, 1160, '_menu_item_xfn', ''),
(791, 1160, '_menu_item_url', ''),
(792, 1161, '_menu_item_type', 'taxonomy'),
(793, 1161, '_menu_item_menu_item_parent', '1115'),
(794, 1161, '_menu_item_object_id', '30'),
(795, 1161, '_menu_item_object', 'category'),
(796, 1161, '_menu_item_target', ''),
(797, 1161, '_menu_item_classes', 'a:1:{i:0;s:0:"";}'),
(798, 1161, '_menu_item_xfn', ''),
(799, 1161, '_menu_item_url', ''),
(800, 149, '_edit_last', '2'),
(801, 149, '_wp_old_slug', 'comment-test'),
(802, 151, '_edit_last', '2') ;
INSERT INTO `wp_np2postmeta` ( `meta_id`, `post_id`, `meta_key`, `meta_value`) VALUES
(803, 151, '_wp_old_slug', 'many-trackbacks'),
(804, 152, '_wp_old_slug', 'no-comments'),
(805, 152, '_edit_last', '2'),
(806, 167, '_edit_last', '2'),
(807, 168, '_edit_last', '2'),
(808, 418, '_edit_last', '2'),
(809, 555, '_thumbnail_id', '967'),
(810, 555, '_edit_last', '2'),
(811, 555, '_wp_old_slug', 'post-format-test-gallery'),
(812, 559, '_edit_last', '2'),
(813, 559, '_wp_old_slug', 'post-format-test-aside'),
(814, 562, '_edit_last', '2'),
(815, 562, '_wp_old_slug', 'post-format-test-chat'),
(816, 565, '_edit_last', '2'),
(817, 565, '_wp_old_slug', 'post-format-test-link'),
(818, 568, '_wp_old_slug', 'post-format-test-image'),
(819, 568, '_edit_last', '2'),
(820, 568, '_wp_old_slug', 'post-format-test-image-linked'),
(821, 575, '_edit_last', '2'),
(822, 575, '_wp_old_slug', 'post-format-test-quote'),
(823, 579, '_edit_last', '2'),
(824, 579, '_wp_old_slug', 'post-format-test-status'),
(825, 582, '_edit_last', '2'),
(826, 582, '_wp_old_slug', 'post-format-test-video'),
(827, 582, '_oembed_7338f2ed6983f1e8f5ec2aef019d9c39', '<iframe width="610" height="343" src="http://www.youtube.com/embed/nwe-H6l4beM?feature=oembed" frameborder="0" allowfullscreen></iframe>'),
(828, 587, '_edit_last', '2'),
(829, 587, '_wp_old_slug', 'post-format-test-audio'),
(830, 587, 'enclosure', 'http://np2:8888/wp-content/uploads/2013/03/Eddy-Need-Remix.mp3\n11039151\naudio/mpeg\n'),
(831, 674, '_edit_last', '2'),
(832, 674, '_wp_old_slug', 'post-format-test-image-attached'),
(833, 922, '_edit_last', '2'),
(834, 922, 'standard_seo_post_level_layout', ''),
(835, 922, 'standard_link_url_field', ''),
(836, 922, 'standard_seo_post_meta_description', ''),
(837, 946, '_edit_last', '2'),
(838, 1005, '_edit_last', '2'),
(839, 1005, 'standard_seo_post_level_layout', ''),
(840, 1005, 'standard_link_url_field', ''),
(841, 1005, 'standard_seo_post_meta_description', ''),
(842, 1162, '_edit_last', '2'),
(843, 1162, '_wp_page_template', 'default'),
(847, 131, '_edit_last', '2'),
(848, 131, '_wp_old_slug', 'test-with-secret-password'),
(849, 133, '_wp_old_slug', '14'),
(850, 133, '_edit_last', '2'),
(851, 134, '_edit_last', '2'),
(852, 134, '_wp_old_slug', 'this-post-has-no-body'),
(853, 188, '_edit_last', '2'),
(854, 188, '_wp_old_slug', 'layout-test'),
(860, 861, '_edit_last', '2'),
(861, 867, '_edit_last', '2'),
(862, 877, '_edit_last', '2'),
(863, 877, '_wp_old_slug', 'non-breaking-tex'),
(864, 895, '_edit_last', '2'),
(865, 903, '_edit_last', '2'),
(866, 903, 'standard_seo_post_level_layout', ''),
(867, 903, 'standard_link_url_field', ''),
(868, 903, 'standard_seo_post_meta_description', ''),
(869, 919, '_edit_last', '2'),
(870, 919, 'standard_seo_post_level_layout', ''),
(871, 919, 'standard_link_url_field', ''),
(872, 919, 'standard_seo_post_meta_description', ''),
(873, 993, '_edit_last', '2'),
(874, 996, '_edit_last', '2'),
(875, 1000, '_edit_last', '2'),
(876, 1011, '_edit_last', '2'),
(877, 1011, '_wp_old_slug', 'featured-image'),
(878, 1011, '_thumbnail_id', '827'),
(879, 1011, 'standard_seo_post_level_layout', ''),
(880, 1011, 'standard_link_url_field', ''),
(881, 1011, 'standard_seo_post_meta_description', ''),
(882, 1016, '_edit_last', '2'),
(883, 1016, '_thumbnail_id', '770'),
(884, 1016, 'standard_seo_post_level_layout', ''),
(885, 1016, 'standard_link_url_field', ''),
(886, 1016, 'standard_seo_post_meta_description', ''),
(887, 1027, '_edit_last', '2'),
(888, 1027, 'standard_seo_post_level_layout', ''),
(889, 1027, 'standard_link_url_field', ''),
(890, 1027, 'standard_seo_post_meta_description', ''),
(891, 1027, '_oembed_551fbbcf3ec765ea83fa636f36fee1d5', '<blockquote class="twitter-tweet" width="550"><p>Doing what you “know” locks you in a prison of the past. Uncertainty is the path to an innovative future.</p>&mdash; Carl Smith (@carlsmith) <a href="https://twitter.com/carlsmith/status/258214236126322689">October 16, 2012</a></blockquote><script async src="//platform.twitter.com/widgets.js" charset="utf-8"></script>'),
(892, 1031, '_edit_last', '2'),
(893, 1031, 'standard_seo_post_level_layout', ''),
(894, 1031, 'standard_link_url_field', ''),
(895, 1031, 'standard_seo_post_meta_description', ''),
(896, 1241, '_edit_last', '2'),
(897, 1241, 'standard_seo_post_level_layout', ''),
(898, 1241, 'standard_link_url_field', ''),
(899, 1241, 'standard_seo_post_meta_description', ''),
(900, 1242, '_menu_item_type', 'post_type'),
(901, 1242, '_menu_item_menu_item_parent', '0'),
(902, 1242, '_menu_item_object_id', '1149'),
(903, 1242, '_menu_item_object', 'page'),
(904, 1242, '_menu_item_target', ''),
(905, 1242, '_menu_item_classes', 'a:1:{i:0;s:0:"";}'),
(906, 1242, '_menu_item_xfn', ''),
(907, 1242, '_menu_item_url', ''),
(908, 1243, '_menu_item_type', 'post_type'),
(909, 1243, '_menu_item_menu_item_parent', '0'),
(910, 1243, '_menu_item_object_id', '1062') ;
INSERT INTO `wp_np2postmeta` ( `meta_id`, `post_id`, `meta_key`, `meta_value`) VALUES
(911, 1243, '_menu_item_object', 'page'),
(912, 1243, '_menu_item_target', ''),
(913, 1243, '_menu_item_classes', 'a:1:{i:0;s:0:"";}'),
(914, 1243, '_menu_item_xfn', ''),
(915, 1243, '_menu_item_url', ''),
(916, 1244, '_menu_item_type', 'post_type'),
(917, 1244, '_menu_item_menu_item_parent', '0'),
(918, 1244, '_menu_item_object_id', '1066'),
(919, 1244, '_menu_item_object', 'page'),
(920, 1244, '_menu_item_target', ''),
(921, 1244, '_menu_item_classes', 'a:1:{i:0;s:0:"";}'),
(922, 1244, '_menu_item_xfn', ''),
(923, 1244, '_menu_item_url', ''),
(924, 1245, '_menu_item_type', 'post_type'),
(925, 1245, '_menu_item_menu_item_parent', '0'),
(926, 1245, '_menu_item_object_id', '1064'),
(927, 1245, '_menu_item_object', 'page'),
(928, 1245, '_menu_item_target', ''),
(929, 1245, '_menu_item_classes', 'a:1:{i:0;s:0:"";}'),
(930, 1245, '_menu_item_xfn', ''),
(931, 1245, '_menu_item_url', ''),
(932, 1246, '_menu_item_type', 'post_type'),
(933, 1246, '_menu_item_menu_item_parent', '0'),
(934, 1246, '_menu_item_object_id', '1146'),
(935, 1246, '_menu_item_object', 'page'),
(936, 1246, '_menu_item_target', ''),
(937, 1246, '_menu_item_classes', 'a:1:{i:0;s:0:"";}'),
(938, 1246, '_menu_item_xfn', ''),
(939, 1246, '_menu_item_url', ''),
(940, 1247, '_menu_item_type', 'post_type'),
(941, 1247, '_menu_item_menu_item_parent', '0'),
(942, 1247, '_menu_item_object_id', '1145'),
(943, 1247, '_menu_item_object', 'page'),
(944, 1247, '_menu_item_target', ''),
(945, 1247, '_menu_item_classes', 'a:1:{i:0;s:0:"";}'),
(946, 1247, '_menu_item_xfn', ''),
(947, 1247, '_menu_item_url', ''),
(948, 1248, '_menu_item_type', 'post_type'),
(949, 1248, '_menu_item_menu_item_parent', '0'),
(950, 1248, '_menu_item_object_id', '1147'),
(951, 1248, '_menu_item_object', 'page'),
(952, 1248, '_menu_item_target', ''),
(953, 1248, '_menu_item_classes', 'a:1:{i:0;s:0:"";}'),
(954, 1248, '_menu_item_xfn', ''),
(955, 1248, '_menu_item_url', ''),
(956, 1249, '_menu_item_type', 'post_type'),
(957, 1249, '_menu_item_menu_item_parent', '0'),
(958, 1249, '_menu_item_object_id', '1148'),
(959, 1249, '_menu_item_object', 'page'),
(960, 1249, '_menu_item_target', ''),
(961, 1249, '_menu_item_classes', 'a:1:{i:0;s:0:"";}'),
(962, 1249, '_menu_item_xfn', ''),
(963, 1249, '_menu_item_url', ''),
(964, 1250, '_menu_item_type', 'post_type'),
(965, 1250, '_menu_item_menu_item_parent', '0'),
(966, 1250, '_menu_item_object_id', '1150'),
(967, 1250, '_menu_item_object', 'page'),
(968, 1250, '_menu_item_target', ''),
(969, 1250, '_menu_item_classes', 'a:1:{i:0;s:0:"";}'),
(970, 1250, '_menu_item_xfn', ''),
(971, 1250, '_menu_item_url', ''),
(972, 1251, '_menu_item_type', 'post_type'),
(973, 1251, '_menu_item_menu_item_parent', '0'),
(974, 1251, '_menu_item_object_id', '1151'),
(975, 1251, '_menu_item_object', 'page'),
(976, 1251, '_menu_item_target', ''),
(977, 1251, '_menu_item_classes', 'a:1:{i:0;s:0:"";}'),
(978, 1251, '_menu_item_xfn', ''),
(979, 1251, '_menu_item_url', ''),
(980, 1252, '_menu_item_type', 'post_type'),
(981, 1252, '_menu_item_menu_item_parent', '0'),
(982, 1252, '_menu_item_object_id', '1152'),
(983, 1252, '_menu_item_object', 'page'),
(984, 1252, '_menu_item_target', ''),
(985, 1252, '_menu_item_classes', 'a:1:{i:0;s:0:"";}'),
(986, 1252, '_menu_item_xfn', ''),
(987, 1252, '_menu_item_url', ''),
(988, 1253, '_menu_item_type', 'post_type'),
(989, 1253, '_menu_item_menu_item_parent', '0'),
(990, 1253, '_menu_item_object_id', '1153'),
(991, 1253, '_menu_item_object', 'page'),
(992, 1253, '_menu_item_target', ''),
(993, 1253, '_menu_item_classes', 'a:1:{i:0;s:0:"";}'),
(994, 1253, '_menu_item_xfn', ''),
(995, 1253, '_menu_item_url', ''),
(996, 1254, '_menu_item_type', 'post_type'),
(997, 1254, '_menu_item_menu_item_parent', '0'),
(998, 1254, '_menu_item_object_id', '1162'),
(999, 1254, '_menu_item_object', 'page'),
(1000, 1254, '_menu_item_target', ''),
(1001, 1254, '_menu_item_classes', 'a:1:{i:0;s:0:"";}'),
(1002, 1254, '_menu_item_xfn', ''),
(1003, 1254, '_menu_item_url', ''),
(1004, 1255, '_menu_item_type', 'post_type'),
(1005, 1255, '_menu_item_menu_item_parent', '0'),
(1006, 1255, '_menu_item_object_id', '1154'),
(1007, 1255, '_menu_item_object', 'page'),
(1008, 1255, '_menu_item_target', ''),
(1009, 1255, '_menu_item_classes', 'a:1:{i:0;s:0:"";}'),
(1010, 1255, '_menu_item_xfn', '') ;
INSERT INTO `wp_np2postmeta` ( `meta_id`, `post_id`, `meta_key`, `meta_value`) VALUES
(1011, 1255, '_menu_item_url', ''),
(1012, 1256, '_menu_item_type', 'post_type'),
(1013, 1256, '_menu_item_menu_item_parent', '0'),
(1014, 1256, '_menu_item_object_id', '1155'),
(1015, 1256, '_menu_item_object', 'page'),
(1016, 1256, '_menu_item_target', ''),
(1017, 1256, '_menu_item_classes', 'a:1:{i:0;s:0:"";}'),
(1018, 1256, '_menu_item_xfn', ''),
(1019, 1256, '_menu_item_url', ''),
(1020, 1257, '_menu_item_type', 'post_type'),
(1021, 1257, '_menu_item_menu_item_parent', '0'),
(1022, 1257, '_menu_item_object_id', '1149'),
(1023, 1257, '_menu_item_object', 'page'),
(1024, 1257, '_menu_item_target', ''),
(1025, 1257, '_menu_item_classes', 'a:1:{i:0;s:0:"";}'),
(1026, 1257, '_menu_item_xfn', ''),
(1027, 1257, '_menu_item_url', ''),
(1028, 1258, '_menu_item_type', 'post_type'),
(1029, 1258, '_menu_item_menu_item_parent', '1114'),
(1030, 1258, '_menu_item_object_id', '1062'),
(1031, 1258, '_menu_item_object', 'page'),
(1032, 1258, '_menu_item_target', ''),
(1033, 1258, '_menu_item_classes', 'a:1:{i:0;s:0:"";}'),
(1034, 1258, '_menu_item_xfn', ''),
(1035, 1258, '_menu_item_url', ''),
(1036, 1259, '_menu_item_type', 'post_type'),
(1037, 1259, '_menu_item_menu_item_parent', '1114'),
(1038, 1259, '_menu_item_object_id', '1066'),
(1039, 1259, '_menu_item_object', 'page'),
(1040, 1259, '_menu_item_target', ''),
(1041, 1259, '_menu_item_classes', 'a:1:{i:0;s:0:"";}'),
(1042, 1259, '_menu_item_xfn', ''),
(1043, 1259, '_menu_item_url', ''),
(1044, 1260, '_menu_item_type', 'post_type'),
(1045, 1260, '_menu_item_menu_item_parent', '1114'),
(1046, 1260, '_menu_item_object_id', '1064'),
(1047, 1260, '_menu_item_object', 'page'),
(1048, 1260, '_menu_item_target', ''),
(1049, 1260, '_menu_item_classes', 'a:1:{i:0;s:0:"";}'),
(1050, 1260, '_menu_item_xfn', ''),
(1051, 1260, '_menu_item_url', ''),
(1052, 1261, '_menu_item_type', 'post_type'),
(1053, 1261, '_menu_item_menu_item_parent', '1114'),
(1054, 1261, '_menu_item_object_id', '1146'),
(1055, 1261, '_menu_item_object', 'page'),
(1056, 1261, '_menu_item_target', ''),
(1057, 1261, '_menu_item_classes', 'a:1:{i:0;s:0:"";}'),
(1058, 1261, '_menu_item_xfn', ''),
(1059, 1261, '_menu_item_url', ''),
(1060, 1262, '_menu_item_type', 'post_type'),
(1061, 1262, '_menu_item_menu_item_parent', '1114'),
(1062, 1262, '_menu_item_object_id', '1145'),
(1063, 1262, '_menu_item_object', 'page'),
(1064, 1262, '_menu_item_target', ''),
(1065, 1262, '_menu_item_classes', 'a:1:{i:0;s:0:"";}'),
(1066, 1262, '_menu_item_xfn', ''),
(1067, 1262, '_menu_item_url', ''),
(1068, 1263, '_menu_item_type', 'post_type'),
(1069, 1263, '_menu_item_menu_item_parent', '1114'),
(1070, 1263, '_menu_item_object_id', '1147'),
(1071, 1263, '_menu_item_object', 'page'),
(1072, 1263, '_menu_item_target', ''),
(1073, 1263, '_menu_item_classes', 'a:1:{i:0;s:0:"";}'),
(1074, 1263, '_menu_item_xfn', ''),
(1075, 1263, '_menu_item_url', ''),
(1076, 1264, '_menu_item_type', 'post_type'),
(1077, 1264, '_menu_item_menu_item_parent', '1114'),
(1078, 1264, '_menu_item_object_id', '1148'),
(1079, 1264, '_menu_item_object', 'page'),
(1080, 1264, '_menu_item_target', ''),
(1081, 1264, '_menu_item_classes', 'a:1:{i:0;s:0:"";}'),
(1082, 1264, '_menu_item_xfn', ''),
(1083, 1264, '_menu_item_url', ''),
(1084, 1027, '_oembed_00d9305c73aa492b540738b859557271', '<blockquote class="twitter-tweet" width="550"><p>Doing what you “know” locks you in a prison of the past. Uncertainty is the path to an innovative future.</p>&mdash; Carl Smith (@carlsmith) <a href="https://twitter.com/carlsmith/statuses/258214236126322689">October 16, 2012</a></blockquote><script async src="//platform.twitter.com/widgets.js" charset="utf-8"></script>'),
(1085, 1265, '_menu_item_type', 'post_type'),
(1086, 1265, '_menu_item_menu_item_parent', '0'),
(1087, 1265, '_menu_item_object_id', '1150'),
(1088, 1265, '_menu_item_object', 'page'),
(1089, 1265, '_menu_item_target', ''),
(1090, 1265, '_menu_item_classes', 'a:1:{i:0;s:0:"";}'),
(1091, 1265, '_menu_item_xfn', ''),
(1092, 1265, '_menu_item_url', ''),
(1094, 1266, '_menu_item_type', 'taxonomy'),
(1095, 1266, '_menu_item_menu_item_parent', '0'),
(1096, 1266, '_menu_item_object_id', '25'),
(1097, 1266, '_menu_item_object', 'category'),
(1098, 1266, '_menu_item_target', ''),
(1099, 1266, '_menu_item_classes', 'a:1:{i:0;s:0:"";}'),
(1100, 1266, '_menu_item_xfn', ''),
(1101, 1266, '_menu_item_url', ''),
(1103, 1267, '_menu_item_type', 'taxonomy'),
(1104, 1267, '_menu_item_menu_item_parent', '1270'),
(1105, 1267, '_menu_item_object_id', '10'),
(1106, 1267, '_menu_item_object', 'category'),
(1107, 1267, '_menu_item_target', ''),
(1108, 1267, '_menu_item_classes', 'a:1:{i:0;s:0:"";}'),
(1109, 1267, '_menu_item_xfn', ''),
(1110, 1267, '_menu_item_url', ''),
(1112, 1268, '_menu_item_type', 'post_type'),
(1113, 1268, '_menu_item_menu_item_parent', '0') ;
INSERT INTO `wp_np2postmeta` ( `meta_id`, `post_id`, `meta_key`, `meta_value`) VALUES
(1114, 1268, '_menu_item_object_id', '1149'),
(1115, 1268, '_menu_item_object', 'page'),
(1116, 1268, '_menu_item_target', ''),
(1117, 1268, '_menu_item_classes', 'a:1:{i:0;s:0:"";}'),
(1118, 1268, '_menu_item_xfn', ''),
(1119, 1268, '_menu_item_url', ''),
(1121, 1269, '_menu_item_type', 'post_type'),
(1122, 1269, '_menu_item_menu_item_parent', '0'),
(1123, 1269, '_menu_item_object_id', '1066'),
(1124, 1269, '_menu_item_object', 'page'),
(1125, 1269, '_menu_item_target', ''),
(1126, 1269, '_menu_item_classes', 'a:1:{i:0;s:0:"";}'),
(1127, 1269, '_menu_item_xfn', ''),
(1128, 1269, '_menu_item_url', ''),
(1129, 418, '_edit_lock', '1411352065:1'),
(1130, 133, '_thumbnail_id', '977'),
(1131, 1149, '_thumbnail_id', '827'),
(1132, 1062, '_thumbnail_id', '827'),
(1133, 1066, '_thumbnail_id', '827'),
(1134, 1151, '_thumbnail_id', '770'),
(1135, 1152, '_thumbnail_id', '1041'),
(1136, 1153, '_thumbnail_id', '1041'),
(1137, 1154, '_thumbnail_id', '967'),
(1138, 1155, '_thumbnail_id', '967'),
(1139, 149, '_thumbnail_id', '1041'),
(1140, 152, '_thumbnail_id', '1041'),
(1141, 922, '_thumbnail_id', '770'),
(1142, 993, '_thumbnail_id', '967'),
(1143, 1162, '_thumbnail_id', '967'),
(1144, 1, '_thumbnail_id', '827'),
(1145, 1064, '_thumbnail_id', '770'),
(1146, 903, '_thumbnail_id', '977'),
(1147, 168, '_thumbnail_id', '827'),
(1148, 167, '_thumbnail_id', '1039'),
(1149, 919, '_thumbnail_id', '967'),
(1150, 996, '_thumbnail_id', '1041'),
(1151, 1000, '_thumbnail_id', '1039'),
(1152, 134, '_thumbnail_id', '1039'),
(1153, 1146, '_thumbnail_id', '770'),
(1154, 1145, '_thumbnail_id', '770'),
(1155, 1147, '_thumbnail_id', '1041'),
(1156, 1148, '_thumbnail_id', '770'),
(1157, 188, '_thumbnail_id', '977'),
(1158, 1150, '_thumbnail_id', '967'),
(1159, 131, '_thumbnail_id', '1041'),
(1160, 151, '_thumbnail_id', '977'),
(1161, 559, '_thumbnail_id', '967'),
(1162, 587, '_thumbnail_id', '827'),
(1163, 562, '_thumbnail_id', '1041'),
(1164, 568, '_thumbnail_id', '1041'),
(1165, 674, '_thumbnail_id', '967'),
(1166, 565, '_thumbnail_id', '977'),
(1167, 575, '_thumbnail_id', '1041'),
(1168, 946, '_thumbnail_id', '967'),
(1169, 579, '_thumbnail_id', '827'),
(1170, 582, '_thumbnail_id', '967'),
(1171, 1005, '_thumbnail_id', '1039'),
(1172, 2, '_thumbnail_id', '770'),
(1173, 418, '_thumbnail_id', '977'),
(1174, 1241, '_thumbnail_id', '1039'),
(1175, 877, '_thumbnail_id', '1039'),
(1176, 895, '_thumbnail_id', '967'),
(1177, 1031, '_thumbnail_id', '977'),
(1178, 861, '_thumbnail_id', '827'),
(1179, 867, '_thumbnail_id', '1041'),
(1180, 1027, '_thumbnail_id', '1039'),
(1181, 1270, '_menu_item_type', 'taxonomy'),
(1182, 1270, '_menu_item_menu_item_parent', '0'),
(1183, 1270, '_menu_item_object_id', '9'),
(1184, 1270, '_menu_item_object', 'category'),
(1185, 1270, '_menu_item_target', ''),
(1186, 1270, '_menu_item_classes', 'a:1:{i:0;s:0:"";}'),
(1187, 1270, '_menu_item_xfn', ''),
(1188, 1270, '_menu_item_url', ''),
(1190, 1271, '_menu_item_type', 'taxonomy'),
(1191, 1271, '_menu_item_menu_item_parent', '1270'),
(1192, 1271, '_menu_item_object_id', '24'),
(1193, 1271, '_menu_item_object', 'category'),
(1194, 1271, '_menu_item_target', ''),
(1195, 1271, '_menu_item_classes', 'a:1:{i:0;s:0:"";}'),
(1196, 1271, '_menu_item_xfn', ''),
(1197, 1271, '_menu_item_url', ''),
(1199, 1272, '_menu_item_type', 'taxonomy'),
(1200, 1272, '_menu_item_menu_item_parent', '1270'),
(1201, 1272, '_menu_item_object_id', '2'),
(1202, 1272, '_menu_item_object', 'category'),
(1203, 1272, '_menu_item_target', ''),
(1204, 1272, '_menu_item_classes', 'a:1:{i:0;s:0:"";}'),
(1205, 1272, '_menu_item_xfn', ''),
(1206, 1272, '_menu_item_url', ''),
(1208, 1027, '_oembed_510e580124aec39cb66ae851dc81270a', '<blockquote class="twitter-tweet" width="550"><p>Doing what you “know” locks you in a prison of the past. Uncertainty is the path to an innovative future.</p>&mdash; Carl Smith (@carlsmith) <a href="https://twitter.com/carlsmith/status/258214236126322689">October 16, 2012</a></blockquote><script async src="//platform.twitter.com/widgets.js" charset="utf-8"></script>'),
(1209, 1027, '_oembed_time_510e580124aec39cb66ae851dc81270a', '1411353182') ;

#
# End of data contents of table `wp_np2postmeta`
# --------------------------------------------------------



#
# Delete any existing table `wp_np2posts`
#

DROP TABLE IF EXISTS `wp_np2posts`;


#
# Table structure of table `wp_np2posts`
#

CREATE TABLE `wp_np2posts` (
  `ID` bigint(20) unsigned NOT NULL AUTO_INCREMENT,
  `post_author` bigint(20) unsigned NOT NULL DEFAULT '0',
  `post_date` datetime NOT NULL DEFAULT '0000-00-00 00:00:00',
  `post_date_gmt` datetime NOT NULL DEFAULT '0000-00-00 00:00:00',
  `post_content` longtext NOT NULL,
  `post_title` text NOT NULL,
  `post_excerpt` text NOT NULL,
  `post_status` varchar(20) NOT NULL DEFAULT 'publish',
  `comment_status` varchar(20) NOT NULL DEFAULT 'open',
  `ping_status` varchar(20) NOT NULL DEFAULT 'open',
  `post_password` varchar(20) NOT NULL DEFAULT '',
  `post_name` varchar(200) NOT NULL DEFAULT '',
  `to_ping` text NOT NULL,
  `pinged` text NOT NULL,
  `post_modified` datetime NOT NULL DEFAULT '0000-00-00 00:00:00',
  `post_modified_gmt` datetime NOT NULL DEFAULT '0000-00-00 00:00:00',
  `post_content_filtered` longtext NOT NULL,
  `post_parent` bigint(20) unsigned NOT NULL DEFAULT '0',
  `guid` varchar(255) NOT NULL DEFAULT '',
  `menu_order` int(11) NOT NULL DEFAULT '0',
  `post_type` varchar(20) NOT NULL DEFAULT 'post',
  `post_mime_type` varchar(100) NOT NULL DEFAULT '',
  `comment_count` bigint(20) NOT NULL DEFAULT '0',
  PRIMARY KEY (`ID`),
  KEY `post_name` (`post_name`),
  KEY `type_status_date` (`post_type`,`post_status`,`post_date`,`ID`),
  KEY `post_parent` (`post_parent`),
  KEY `post_author` (`post_author`)
) ENGINE=InnoDB AUTO_INCREMENT=1273 DEFAULT CHARSET=utf8;


#
# Data contents of table `wp_np2posts`
#
INSERT INTO `wp_np2posts` ( `ID`, `post_author`, `post_date`, `post_date_gmt`, `post_content`, `post_title`, `post_excerpt`, `post_status`, `comment_status`, `ping_status`, `post_password`, `post_name`, `to_ping`, `pinged`, `post_modified`, `post_modified_gmt`, `post_content_filtered`, `post_parent`, `guid`, `menu_order`, `post_type`, `post_mime_type`, `comment_count`) VALUES
(1, 1, '2014-09-02 00:45:10', '2014-09-02 00:45:10', 'Welcome to WordPress. This is your first post. Edit or delete it, then start blogging!', 'Hello world!', '', 'publish', 'open', 'open', '', 'hello-world', '', '', '2014-09-02 00:45:10', '2014-09-02 00:45:10', '', 0, 'http://np2:8888/?p=1', 0, 'post', '', 1),
(2, 1, '2014-09-02 00:45:10', '2014-09-02 00:45:10', 'This is an example page. It\'s different from a blog post because it will stay in one place and will show up in your site navigation (in most themes). Most people start with an About page that introduces them to potential site visitors. It might say something like this:\n\n<blockquote>Hi there! I\'m a bike messenger by day, aspiring actor by night, and this is my blog. I live in Los Angeles, have a great dog named Jack, and I like pi&#241;a coladas. (And gettin\' caught in the rain.)</blockquote>\n\n...or something like this:\n\n<blockquote>The XYZ Doohickey Company was founded in 1971, and has been providing quality doohickeys to the public ever since. Located in Gotham City, XYZ employs over 2,000 people and does all kinds of awesome things for the Gotham community.</blockquote>\n\nAs a new WordPress user, you should go to <a href="http://np2:8888/wp-admin/">your dashboard</a> to delete this page and create new pages for your content. Have fun!', 'Sample Page', '', 'publish', 'open', 'open', '', 'sample-page', '', '', '2014-09-02 00:45:10', '2014-09-02 00:45:10', '', 0, 'http://np2:8888/?page_id=2', 0, 'page', '', 0),
(3, 1, '2014-09-02 00:45:34', '0000-00-00 00:00:00', '', 'Auto Draft', '', 'auto-draft', 'open', 'open', '', '', '', '', '2014-09-02 00:45:34', '0000-00-00 00:00:00', '', 0, 'http://np2:8888/?p=3', 0, 'post', '', 0),
(131, 4, '2013-01-04 09:38:05', '2013-01-04 15:38:05', '<span style="line-height: 1.714285714; font-size: 1rem;">This content, comments, pingbacks, and trackbacks should not be visible until the password is entered.</span>', 'Password Protected (the password is "enter")', '', 'publish', 'open', 'open', 'enter', 'password-protected', '', '', '2013-01-04 09:38:05', '2013-01-04 15:38:05', '', 0, 'http://wpthemetestdata.wordpress.com/2007/09/04/test-with-secret-password/', 0, 'post', '', 1),
(133, 2, '2013-01-05 09:00:23', '2013-01-05 15:00:23', 'This post has no title, but it still must link to the single post view somehow.\n\nThis is typically done by placing the permalink on the post date.', '', '', 'publish', 'closed', 'closed', '', 'no-title', '', '', '2013-01-05 09:00:23', '2013-01-05 15:00:23', '', 0, 'http://wpthemetestdata.wordpress.com/2007/09/04/14/', 0, 'post', '', 0),
(134, 5, '2013-01-06 09:39:56', '2013-01-06 15:39:56', '', 'No Content', '', 'publish', 'open', 'open', '', 'no-content', '', '', '2013-01-06 09:39:56', '2013-01-06 15:39:56', '', 0, 'http://wpthemetestdata.wordpress.com/2007/09/04/this-post-has-no-body/', 0, 'post', '', 1),
(149, 2, '2013-01-03 10:11:37', '2013-01-03 16:11:37', 'This post tests comments in the following ways.\n<ul>\n	<li><span style="line-height: 1.714285714; font-size: 1rem;">Threaded comments up to 10 levels deep</span></li>\n	<li>Paginated comments (set <em><strong>Settings &gt; Discussion &gt; Break comments into pages</strong></em> to <em><strong>5</strong></em> top level comments per page)</li>\n	<li><span style="line-height: 1.714285714; font-size: 1rem;">Comment markup / formatting</span></li>\n	<li><span style="line-height: 1.714285714; font-size: 1rem;">Comment images</span></li>\n	<li><span style="line-height: 1.714285714; font-size: 1rem;">Comment videos</span></li>\n	<li>Author comments</li>\n	<li>Gravatars and default fallbacks</li>\n</ul>\n&nbsp;', 'Comments', '', 'publish', 'open', 'closed', '', 'comments', '', '', '2013-01-03 10:11:37', '2013-01-03 16:11:37', '', 0, 'http://wpthemetestdata.wordpress.com/2007/09/04/comment-test/', 0, 'post', '', 21),
(151, 2, '2013-01-01 10:17:18', '2013-01-01 16:17:18', 'This post has many pingpacks and trackbacks.\n\nThere are a few ways to list them.\n<ol>\n	<li><span style="line-height: 1.714285714; font-size: 1rem;">Above the comments.</span></li>\n	<li><span style="line-height: 1.714285714; font-size: 1rem;">Below the comments</span></li>\n	<li><span style="line-height: 1.714285714; font-size: 1rem;">Included within the normal flow of comments.</span></li>\n</ol>', 'Pingbacks And Trackbacks', '', 'publish', 'closed', 'closed', '', 'pingbacks-an-trackbacks', '', '', '2013-01-01 10:17:18', '2013-01-01 16:17:18', '', 0, 'http://wpthemetestdata.wordpress.com/2007/09/04/many-trackbacks/', 0, 'post', '', 5),
(152, 5, '2013-01-02 10:21:15', '2013-01-02 16:21:15', 'This post has its comments, pingbacks, and trackbacks disabled.\n\nThere should be no comment reply form or any pingbacks and trackbacks listed.', 'Comments Disabled', '', 'publish', 'closed', 'closed', '', 'comments-disabled', '', '', '2013-01-02 10:21:15', '2013-01-02 16:21:15', '', 0, 'http://wpthemetestdata.wordpress.com/2007/09/04/no-comments/', 0, 'post', '', 0),
(167, 2, '2012-11-01 01:00:34', '2012-11-01 06:00:34', 'This post has many tags.', 'Many Tags', '', 'publish', 'closed', 'closed', '', 'many-tags', '', '', '2012-11-01 01:00:34', '2012-11-01 06:00:34', '', 0, 'http://wpthemetestdata.wordpress.com/2007/11/24/many-tags/', 0, 'post', '', 0),
(168, 2, '2012-11-02 02:00:03', '2012-11-02 07:00:03', 'This post has many categories.', 'Many Categories', '', 'publish', 'closed', 'closed', '', 'many-categories', '', '', '2012-11-02 02:00:03', '2012-11-02 07:00:03', '', 0, 'http://wpthemetestdata.wordpress.com/2007/11/24/many-categories/', 0, 'post', '', 0),
(188, 2, '2013-01-08 10:00:20', '2013-01-08 16:00:20', 'Post Page 1\n\n<!--nextpage-->\n\nPost Page 2\n\n<!--nextpage-->\n\nPost Page 3', 'Paginated', '', 'publish', 'open', 'open', '', 'paginated', '', '', '2013-01-08 10:00:20', '2013-01-08 16:00:20', '', 0, 'http://noeltest.wordpress.com/?p=188', 0, 'post', '', 0),
(418, 2, '2050-01-01 12:00:18', '2050-01-01 18:00:18', 'This post is scheduled to be published in the future.\n\nIt should not be displayed by the theme.', 'Scheduled', '', 'future', 'open', 'closed', '', 'scheduled', '', '', '2050-01-01 12:00:18', '2050-01-01 18:00:18', '', 0, 'http://wpthemetestdata.wordpress.com/?p=418', 0, 'post', '', 0),
(555, 2, '2012-12-10 10:00:14', '2012-12-10 16:00:14', '[gallery]\n\n<!--nextpage-->\n\nYou can use this page to test the Theme\'s handling of the[gallery]\n\nshortcode, including the <code>columns</code> parameter, from 1 to 10 columns. Themes are only required to support the default setting (3 columns), so this page is entirely optional.\n<h2>One Column</h2>\n[gallery columns="1"]\n<h2>Two Columns</h2>\n[gallery columns="2"]\n<h2>Three Columns</h2>\n[gallery columns="3"]\n<h2>Four Columns</h2>\n[gallery columns="4"]\n<h2>Five Columns</h2>\n[gallery columns="5"]\n<h2>Six Columns</h2>\n[gallery columns="6"]\n<h2>Seven Columns</h2>\n[gallery columns="7"]\n<h2>Eight Columns</h2>\n[gallery columns="8"]\n<h2>Nine Columns</h2>\n[gallery columns="9"]\n<h2>Ten Columns</h2>\n[gallery columns="10"]', 'Post Format: Gallery', '', 'publish', 'open', 'open', '', 'post-format-gallery', '', '', '2012-12-10 10:00:14', '2012-12-10 16:00:14', '', 0, 'http://wpthemetestdata.wordpress.com/?p=555', 0, 'post', '', 0),
(559, 3, '2012-12-09 09:00:54', '2012-12-09 15:00:54', 'We fundamentally believe that our customers are more interested in a simple, attractive, and functional WordPress theme than they are having 12 color schemes to choose from, and a fancy slider with 8 transition effects.\n\nIf you pick out a WordPress theme like you pick out drapes, you’re doing something wrong.', 'Post Format: Aside', '', 'publish', 'open', 'open', '', 'post-format-aside', '', '', '2012-12-09 09:00:54', '2012-12-09 15:00:54', '', 0, 'http://wpthemetestdata.wordpress.com/?p=559', 0, 'post', '', 0),
(562, 4, '2012-12-08 08:00:31', '2012-12-08 14:00:31', 'John: Are we still meeting for breakfast this morning?\n\nJohn: Where is the rest of the team? I\'ve been here since 3:00am.\n\nTom: Umm... We actually sleep. Go back to bed, dude.\n\nJohn: Fuuuuuuuuuuuu\n\nTom: Fine. But if I show up, I am not wearing pants.', 'Post Format: Chat', '', 'publish', 'open', 'open', '', 'post-format-chat', '', '', '2012-12-08 08:00:31', '2012-12-08 14:00:31', '', 0, 'http://wpthemetestdata.wordpress.com/?p=562', 0, 'post', '', 0),
(565, 5, '2012-12-07 07:00:53', '2012-12-07 13:00:53', '<a title="Video Game Inspired Mural [Pics, Videos]" href="http://wpdaily.co/mural/" target="_blank">8BIT\'s Office - Video Game Inspired Mural</a>', 'Post Format: Link', '', 'publish', 'open', 'open', '', 'post-format-link', '', '', '2012-12-07 07:00:53', '2012-12-07 13:00:53', '', 0, 'http://wpthemetestdata.wordpress.com/?p=565', 0, 'post', '', 0),
(568, 2, '2012-12-05 05:00:39', '2012-12-05 11:00:39', '<dl class="wp-caption aligncenter" id="attachment_612" style="width: 650px;"><dt class="wp-caption-dt"></dt></dl><img class="alignnone size-full wp-image-967" alt="Unicorn Wallpaper" src="http://np2:8888/wp-content/uploads/2012/12/unicorn-wallpaper.jpg" width="1600" height="1200" />\n\nI really love this wallpaper. It makes me think fondly of <a title="Chris Ames" href="http://chrisam.es/" target="_blank">Chris Ames</a>.', 'Post Format: Image', '', 'publish', 'open', 'open', '', 'post-format-image', '', '', '2012-12-05 05:00:39', '2012-12-05 11:00:39', '', 0, 'http://wpthemetestdata.wordpress.com/?p=568', 0, 'post', '', 0),
(575, 3, '2012-12-04 04:00:15', '2012-12-04 10:00:15', '<blockquote>I suggest a new strategy to you... Let the Wookie win.\n\n<a title="Let The Wookie Win" href="http://www.youtube.com/watch?feature=player_detailpage&amp;v=mO6M4ngKRp0#t=30s" target="_blank">C-3PO</a></blockquote>', 'Post Format: Quote', '', 'publish', 'open', 'open', '', 'post-format-quote', '', '', '2012-12-04 04:00:15', '2012-12-04 10:00:15', '', 0, 'http://wpthemetestdata.wordpress.com/?p=575', 0, 'post', '', 0),
(579, 7, '2012-12-03 03:00:24', '2012-12-03 09:00:24', 'I\'ve been thinking a lot about spandex today.', 'Post Format: Status', '', 'publish', 'open', 'open', '', 'post-format-status', '', '', '2012-12-03 03:00:24', '2012-12-03 09:00:24', '', 0, 'http://wpthemetestdata.wordpress.com/?p=579', 0, 'post', '', 0),
(582, 6, '2012-12-02 02:00:58', '2012-12-02 08:00:58', 'http://www.youtube.com/watch?v=nwe-H6l4beM\n\nThe official music video of "Rise Up" from <a title="Eddy Music" href="http://eddymusic.com/" target="_blank">Eddy\'s</a> <a title="Eddy - Start An Uproar! EP" href="http://bit.ly/bVmAyI" target="_blank">Start An Uproar!</a> EP.\n\nLearn more about <a title="WordPress Embeds" href="http://codex.wordpress.org/Embeds" target="_blank">WordPress Embeds</a>.', 'Post Format: Video', '', 'publish', 'open', 'open', '', 'post-format-video', '', '', '2012-12-02 02:00:58', '2012-12-02 08:00:58', '', 0, 'http://wpthemetestdata.wordpress.com/?p=582', 0, 'post', '', 0),
(587, 6, '2012-12-01 01:00:44', '2012-12-01 07:00:44', 'Link:\n\n<a href="http://np2:8888/wp-content/uploads/2013/03/Eddy-Need-Remix.mp3">Eddy - Need (Remix)</a>\n\nShortcode:\n\n[audio http://np2:8888/wp-content/uploads/2013/03/Eddy-Need-Remix.mp3]', 'Post Format: Audio', '', 'publish', 'open', 'open', '', 'post-format-audio', '', '', '2012-12-01 01:00:44', '2012-12-01 07:00:44', '', 0, 'http://wpthemetestdata.wordpress.com/?p=587', 0, 'post', '', 0),
(611, 2, '2011-01-10 06:17:54', '2011-01-10 13:17:54', '', 'canola2', 'Lorem ipsum dolor sit amet, consectetuer adipiscing elit. Donec mollis. Quisque convallis libero in sapien pharetra tincidunt. Aliquam elit ante, malesuada id, tempor eu, gravida id, odio. Maecenas suscipit, risus et eleifend imperdiet, nisi orci ullamcorper massa, et adipiscing orci velit quis magna.', 'inherit', 'open', 'closed', '', 'canola2', '', '', '2011-01-10 06:17:54', '2011-01-10 13:17:54', '', 555, 'http://np2:8888/wp-content/uploads/2011/01/canola2.jpg', 0, 'attachment', 'image/jpeg', 0),
(613, 2, '2011-01-10 06:19:10', '2011-01-10 13:19:10', '', 'dsc20050315_145007_132', '', 'inherit', 'open', 'closed', '', 'dsc20050315_145007_132', '', '', '2011-01-10 06:19:10', '2011-01-10 13:19:10', '', 555, 'http://np2:8888/wp-content/uploads/2011/01/dsc20050315_145007_132.jpg', 0, 'attachment', 'image/jpeg', 0),
(616, 2, '2011-01-10 06:20:37', '2011-01-10 13:20:37', '', 'dsc20050727_091048_222', '', 'inherit', 'open', 'closed', '', 'dsc20050727_091048_222', '', '', '2011-01-10 06:20:37', '2011-01-10 13:20:37', '', 555, 'http://np2:8888/wp-content/uploads/2011/01/dsc20050727_091048_222.jpg', 0, 'attachment', 'image/jpeg', 0),
(617, 2, '2011-01-10 06:20:57', '2011-01-10 13:20:57', '', 'dsc20050813_115856_52', '', 'inherit', 'open', 'closed', '', 'dsc20050813_115856_52', '', '', '2011-01-10 06:20:57', '2011-01-10 13:20:57', '', 555, 'http://np2:8888/wp-content/uploads/2011/01/dsc20050813_115856_52.jpg', 0, 'attachment', 'image/jpeg', 0),
(618, 2, '2011-01-10 06:21:14', '2011-01-10 13:21:14', '', 'dsc20050831_165238_332', '', 'inherit', 'open', 'closed', '', 'dsc20050831_165238_332', '', '', '2011-01-10 06:21:14', '2011-01-10 13:21:14', '', 555, 'http://np2:8888/wp-content/uploads/2011/01/dsc20050831_165238_332.jpg', 0, 'attachment', 'image/jpeg', 0),
(619, 2, '2011-01-10 06:21:50', '2011-01-10 13:21:50', '', 'dsc20050901_105100_212', 'Seed pods on stem, Woodvale', 'inherit', 'open', 'closed', '', 'dsc20050901_105100_212', '', '', '2011-01-10 06:21:50', '2011-01-10 13:21:50', '', 555, 'http://np2:8888/wp-content/uploads/2011/01/dsc20050901_105100_212.jpg', 0, 'attachment', 'image/jpeg', 0),
(674, 4, '2012-12-06 06:00:19', '2012-12-06 12:00:19', '[caption id="attachment_963" align="alignnone" width="1131"]<img class=" wp-image-963" title="Triforce Wallpaper" alt="Triforce Wallpaper" src="http://np2:8888/wp-content/uploads/2012/12/triforce-wallpaper.jpg" width="1131" height="707" /> It\'s dangerous to go alone! Take this.[/caption]', 'Post Format: Image (Caption)', '', 'publish', 'open', 'open', '', 'post-format-image-caption', '', '', '2012-12-06 06:00:19', '2012-12-06 12:00:19', '', 0, 'http://wpthemetestdata.wordpress.com/?p=674', 0, 'post', '', 0),
(754, 2, '2011-07-15 14:34:50', '2011-07-15 21:34:50', 'Public domain via http://www.burningwell.org/gallery2/v/Objects/100_5540.JPG.html', 'Bell on Wharf', 'Bell on wharf in San Francisco', 'inherit', 'open', 'closed', '', '100_5478', '', '', '2011-07-15 14:34:50', '2011-07-15 21:34:50', '', 555, 'http://np2:8888/wp-content/uploads/2011/07/100_5478.jpg', 0, 'attachment', 'image/jpeg', 0),
(755, 2, '2011-07-15 14:35:55', '2011-07-15 21:35:55', 'Public domain via http://www.burningwell.org/gallery2/v/Objects/100_5478.JPG.html', 'Golden Gate Bridge', 'Golden Gate Bridge', 'inherit', 'open', 'closed', '', '100_5540', '', '', '2011-07-15 14:35:55', '2011-07-15 21:35:55', '', 555, 'http://np2:8888/wp-content/uploads/2011/07/100_5540.jpg', 0, 'attachment', 'image/jpeg', 0),
(756, 2, '2011-07-15 14:41:24', '2011-07-15 21:41:24', 'Public domain via http://www.burningwell.org/gallery2/v/Landscapes/ocean/CEP00032.jpg.html', 'Sunburst Over River', 'Sunburst over the Clinch River, Southwest Virginia.', 'inherit', 'open', 'closed', '', 'cep00032', '', '', '2011-07-15 14:41:24', '2011-07-15 21:41:24', '', 555, 'http://np2:8888/wp-content/uploads/2011/07/cep00032.jpg', 0, 'attachment', 'image/jpeg', 0),
(757, 2, '2011-07-15 14:41:27', '2011-07-15 21:41:27', 'Public domain via http://www.burningwell.org/gallery2/v/Landscapes/ocean/DCP_2082.jpg.html', 'Boardwalk', 'Boardwalk at Westport, WA', 'inherit', 'open', 'closed', '', 'dcp_2082', '', '', '2011-07-15 14:41:27', '2011-07-15 21:41:27', '', 555, 'http://np2:8888/wp-content/uploads/2011/07/dcp_2082.jpg', 0, 'attachment', 'image/jpeg', 0),
(758, 2, '2011-07-15 14:41:33', '2011-07-15 21:41:33', 'Public domain via http://www.burningwell.org/gallery2/v/Landscapes/ocean/dsc03149.jpg.html', 'Yachtsody in Blue', 'Boats and reflections, Royal Perth Yacht Club', 'inherit', 'open', 'closed', '', 'dsc03149', '', '', '2011-07-15 14:41:33', '2011-07-15 21:41:33', '', 555, 'http://np2:8888/wp-content/uploads/2011/07/dsc03149.jpg', 0, 'attachment', 'image/jpeg', 0),
(759, 2, '2011-07-15 14:41:37', '2011-07-15 21:41:37', 'Public domain via http://www.burningwell.org/gallery2/v/Landscapes/ocean/dsc04563.jpg.html', 'Rain Ripples', 'Raindrop ripples on a pond', 'inherit', 'open', 'closed', '', 'dsc04563', '', '', '2011-07-15 14:41:37', '2011-07-15 21:41:37', '', 555, 'http://np2:8888/wp-content/uploads/2011/07/dsc04563.jpg', 0, 'attachment', 'image/jpeg', 0),
(760, 2, '2011-07-15 14:41:41', '2011-07-15 21:41:41', 'Public domain via http://www.burningwell.org/gallery2/v/Objects/dsc09114.jpg.html', 'Sydney Harbor Bridge', 'Sydney Harbor Bridge', 'inherit', 'open', 'closed', '', 'dsc09114', '', '', '2011-07-15 14:41:41', '2011-07-15 21:41:41', '', 555, 'http://np2:8888/wp-content/uploads/2011/07/dsc09114.jpg', 0, 'attachment', 'image/jpeg', 0),
(761, 2, '2011-07-15 14:41:42', '2011-07-15 21:41:42', 'Public domain via http://www.burningwell.org/gallery2/v/Landscapes/ocean/dsc20050102_192118_51.jpg.html', 'Wind Farm', 'Albany wind-farm against the sunset, Western Australia', 'inherit', 'open', 'closed', '', 'dsc20050102_192118_51', '', '', '2011-07-15 14:41:42', '2011-07-15 21:41:42', '', 555, 'http://np2:8888/wp-content/uploads/2011/07/dsc20050102_192118_51.jpg', 0, 'attachment', 'image/jpeg', 0),
(762, 2, '2011-07-15 14:41:45', '2011-07-15 21:41:45', 'Public domain via http://www.burningwell.org/gallery2/v/Objects/dsc20051220_160808_102.jpg.html', 'Antique Farm Machinery', 'Antique farm machinery, Mount Barker Museum, Western Australia', 'inherit', 'open', 'closed', '', 'dsc20051220_160808_102', '', '', '2011-07-15 14:41:45', '2011-07-15 21:41:45', '', 555, 'http://np2:8888/wp-content/uploads/2011/07/dsc20051220_160808_102.jpg', 0, 'attachment', 'image/jpeg', 0),
(763, 2, '2011-07-15 14:46:27', '2011-07-15 21:46:27', 'Public domain via http://www.burningwell.org/gallery2/main.php?g2_view=dynamicalbum.UpdatesAlbum&amp;g2_itemId=25895', 'Orange Iris', 'Orange Iris', 'inherit', 'open', 'closed', '', 'dsc02085', '', '', '2011-07-15 14:46:27', '2011-07-15 21:46:27', '', 555, 'http://np2:8888/wp-content/uploads/2011/07/dsc02085.jpg', 0, 'attachment', 'image/jpeg', 0),
(764, 2, '2011-07-15 14:47:17', '2011-07-15 21:47:17', 'Public domain via http://www.burningwell.org/gallery2/v/Objects/dsc20051220_173257_119.jpg.html', 'Rusty Rail', 'Rusty rails with fishplate, Kojonup', 'inherit', 'open', 'closed', '', 'dsc20051220_173257_119', '', '', '2011-07-15 14:47:17', '2011-07-15 21:47:17', '', 555, 'http://np2:8888/wp-content/uploads/2011/07/dsc20051220_173257_119.jpg', 0, 'attachment', 'image/jpeg', 0),
(765, 2, '2011-07-15 14:47:20', '2011-07-15 21:47:20', 'Public domain via http://www.burningwell.org/gallery2/v/Landscapes/ocean/dscn3316.jpg.html', 'Sea and Rocks', 'Sea and rocks, Plimmerton, New Zealand', 'inherit', 'open', 'closed', '', 'dscn3316', '', '', '2011-07-15 14:47:20', '2011-07-15 21:47:20', '', 555, 'http://np2:8888/wp-content/uploads/2011/07/dscn3316.jpg', 0, 'attachment', 'image/jpeg', 0),
(766, 2, '2011-07-15 14:47:23', '2011-07-15 21:47:23', 'Public domain via http://www.burningwell.org/gallery2/v/Landscapes/ocean/michelle_049.jpg.html', 'Big Sur', 'Beach at Big Sur, CA', 'inherit', 'open', 'closed', '', 'michelle_049', '', '', '2011-07-15 14:47:23', '2011-07-15 21:47:23', '', 555, 'http://np2:8888/wp-content/uploads/2011/07/michelle_049.jpg', 0, 'attachment', 'image/jpeg', 0),
(767, 2, '2011-07-15 14:47:26', '2011-07-15 21:47:26', 'Public domain via http://www.burningwell.org/gallery2/v/Objects/Windmill.jpg.html', 'Windmill', 'Windmill shrouded in fog at a farm outside of Walker, Iowa', 'inherit', 'open', 'closed', '', 'dcf-1-0', '', '', '2011-07-15 14:47:26', '2011-07-15 21:47:26', '', 555, 'http://np2:8888/wp-content/uploads/2011/07/windmill.jpg', 0, 'attachment', 'image/jpeg', 0),
(768, 2, '2011-07-15 14:49:48', '2011-07-15 21:49:48', 'Public domain via http://www.burningwell.org/gallery2/v/Landscapes/ocean/IMG_0513-1.JPG.html', 'Huatulco Coastline', 'Sunrise over the coast in Huatulco, Oaxaca, Mexico', 'inherit', 'open', 'closed', '', 'alas-i-have-found-my-shangri-la', '', '', '2011-07-15 14:49:48', '2011-07-15 21:49:48', '', 555, 'http://np2:8888/wp-content/uploads/2011/07/img_0513-1.jpg', 0, 'attachment', 'image/jpeg', 0),
(769, 2, '2011-07-15 14:50:37', '2011-07-15 21:50:37', 'Public domain via http://www.burningwell.org/gallery2/main.php?g2_view=dynamicalbum.UpdatesAlbum&amp;g2_itemId=25770', 'Brazil Beach', 'Jericoacoara Ceara Brasil', 'inherit', 'open', 'closed', '', 'img_0747', '', '', '2011-07-15 14:50:37', '2011-07-15 21:50:37', '', 555, 'http://np2:8888/wp-content/uploads/2011/07/img_0747.jpg', 0, 'attachment', 'image/jpeg', 0),
(770, 2, '2011-07-15 14:51:19', '2011-07-15 21:51:19', 'Public domain via http://www.burningwell.org/gallery2/v/Landscapes/ocean/IMG_0767.JPG.html', 'Huatulco Coastline', 'Coastline in Huatulco, Oaxaca, Mexico', 'inherit', 'open', 'closed', '', 'img_0767', '', '', '2011-07-15 14:51:19', '2011-07-15 21:51:19', '', 555, 'http://np2:8888/wp-content/uploads/2011/07/img_0767.jpg', 0, 'attachment', 'image/jpeg', 0),
(771, 2, '2011-07-15 14:51:57', '2011-07-15 21:51:57', 'Public domain via http://www.burningwell.org/gallery2/main.php?g2_view=dynamicalbum.UpdatesAlbum&amp;g2_itemId=25774', 'Boat Barco Texture', 'Boat BW PB Barco Texture Beautiful Fishing', 'inherit', 'open', 'closed', '', 'img_8399', '', '', '2011-07-15 14:51:57', '2011-07-15 21:51:57', '', 555, 'http://np2:8888/wp-content/uploads/2011/07/img_8399.jpg', 0, 'attachment', 'image/jpeg', 0),
(807, 2, '2012-06-04 11:36:56', '2012-06-04 18:36:56', '', 'dsc20040724_152504_532', '', 'inherit', 'open', 'closed', '', 'dsc20040724_152504_532-2', '', '', '2012-06-04 11:36:56', '2012-06-04 18:36:56', '', 555, 'http://np2:8888/wp-content/uploads/2012/06/dsc20040724_152504_532.jpg', 0, 'attachment', 'image/jpeg', 0),
(811, 2, '2012-06-04 11:58:15', '2012-06-04 18:58:15', '', 'dsc20050604_133440_3421', '', 'inherit', 'open', 'closed', '', 'dsc20050604_133440_3421', '', '', '2012-06-04 11:58:15', '2012-06-04 18:58:15', '', 555, 'http://np2:8888/wp-content/uploads/2012/06/dsc20050604_133440_34211.jpg', 0, 'attachment', 'image/jpeg', 0),
(827, 2, '2012-07-05 11:07:34', '2012-07-05 18:07:34', '', 'OLYMPUS DIGITAL CAMERA', '', 'inherit', 'open', 'closed', '', 'olympus-digital-camera', '', '', '2012-07-05 11:07:34', '2012-07-05 18:07:34', '', 0, 'http://np2:8888/wp-content/uploads/2012/07/manhattansummer.jpg', 0, 'attachment', 'image/jpeg', 0),
(842, 2, '2013-03-14 09:58:24', '2013-03-14 14:58:24', '', 'I Am Worth Loving Wallpaper', '', 'inherit', 'open', 'open', '', 'soworthloving-wallpaper', '', '', '2013-03-14 09:58:24', '2013-03-14 14:58:24', '', 0, 'http://np2:8888/wp-content/uploads/2013/03/soworthloving-wallpaper.jpg', 0, 'attachment', 'image/jpeg', 0),
(861, 5, '2013-01-05 10:00:49', '2013-01-05 16:00:49', 'Verify that:\n<ul>\n	<li><span style="line-height: 1.714285714; font-size: 1rem;">The post title renders the word "with" in </span><em style="line-height: 1.714285714; font-size: 1rem;">italics</em><span style="line-height: 1.714285714; font-size: 1rem;"> and the word "markup" in </span><strong style="line-height: 1.714285714; font-size: 1rem;">bold</strong><span style="line-height: 1.714285714; font-size: 1rem;">.</span></li>\n	<li><span style="line-height: 1.714285714; font-size: 1rem;">The post title markup should be removed from the browser window / tab.</span></li>\n</ul>', 'Title With Markup', '', 'publish', 'open', 'open', '', 'title-with-markup', '', '', '2013-01-05 10:00:49', '2013-01-05 16:00:49', '', 0, 'http://wptest.io/demo/?p=861', 0, 'post', '', 0),
(867, 7, '2013-01-05 11:00:20', '2013-01-05 17:00:20', 'Putting special characters in the title should have no adverse effect on the layout or functionality.\n\nSpecial characters in the post title have been known to cause issues with JavaScript when it is minified, especially in the admin when editing the post itself (ie. issues with metaboxes, media upload, etc.).', 'Title With Special Characters ~`!@#$%^&*()-_=+{}[]/;:\'"?,.>', '', 'publish', 'open', 'open', '', 'title-with-special-characters', '', '', '2013-01-05 11:00:20', '2013-01-05 17:00:20', '', 0, 'http://wptest.io/demo/?p=867', 0, 'post', '', 0),
(877, 2, '2013-01-05 12:00:59', '2013-01-05 18:00:59', 'Super/Duper/Long/NonBreaking/Path/Name/To/A/File/That/Is/Way/Deep/Down/In/Some/Mysterious/Remote/Desolate/Part/Of/The/Operating/System/To/A/File/That/Just/So/Happens/To/Be/Strangely/Named/Supercalifragilisticexpialidocious.txt\n\nA few things to check for:\n<ul>\n	<li><span style="line-height: 1.714285714; font-size: 1rem;">Non-breaking text in the title, content, and comments should have no adverse effects on layout or functionality.</span></li>\n	<li><span style="line-height: 1.714285714; font-size: 1rem;">Check the browser window / tab title.</span></li>\n	<li><span style="line-height: 1.714285714; font-size: 1rem;">If you are a plugin or widget developer, check that this text does not break anything.</span></li>\n</ul>\nThe following CSS properties will help you support non-breaking text.\n<pre>-ms-word-wrap: break-word;\nword-wrap: break-word;</pre>\n&nbsp;', 'Super/Duper/Long/NonBreaking/Path/Name/To/A/File/That/Is/Way/Deep/Down/In/Some/Mysterious/Remote/Desolate/Part/Of/The/Operating/System/To/A/File/That/Just/So/Happens/To/Be/Strangely/Named/Supercalifragilisticexpialidocious.txt', '', 'publish', 'open', 'open', '', 'non-breaking-text', '', '', '2013-01-05 12:00:59', '2013-01-05 18:00:59', '', 0, 'http://wptest.io/demo/?p=877', 0, 'post', '', 1),
(895, 3, '2013-01-09 09:00:39', '2013-01-09 15:00:39', '<h3>Default</h3>\nThis is a paragraph. It should not have any alignment of any kind. It should just flow like you would normally expect. Nothing fancy. Just straight up text, free flowing, with love. Completely neutral and not picking a side or sitting on the fence. It just is. It just freaking is. It likes where it is. It does not feel compelled to pick a side. Leave him be. It will just be better that way. Trust me.\n<h3>Left Align</h3>\n<p style="text-align: left;">This is a paragraph. It is left aligned. Because of this, it is a bit more liberal in it\'s views. It\'s favorite color is green. Left align tends to be more eco-friendly, but it provides no concrete evidence that it really is. Even though it likes share the wealth evenly, it leaves the equal distribution up to justified alignment.</p>\n\n<h3>Center Align</h3>\n<p style="text-align: center;">This is a paragraph. It is center aligned. Center is, but nature, a fence sitter. A flip flopper. It has a difficult time making up its mind. It wants to pick a side. Really, it does. It has the best intentions, but it tends to complicate matters more than help. The best you can do is try to win it over and hope for the best. I hear center align does take bribes.</p>\n\n<h3>Right Align</h3>\n<p style="text-align: right;">This is a paragraph. It is right aligned. It is a bit more conservative in it\'s views. It\'s prefers to not be told what to do or how to do it. Right align totally owns a slew of guns and loves to head to the range for some practice. Which is cool and all. I mean, it\'s a pretty good shot from at least four or five football fields away. Dead on. So boss.</p>\n\n<h3>Justify Align</h3>\n<p style="text-align: justify;">This is a paragraph. It is justify aligned. It gets really mad when people associate it with Justin Timberlake. Typically, justified is pretty straight laced. It likes everything to be in it\'s place and not all cattywampus like the rest of the aligns. I am not saying that makes it better than the rest of the aligns, but it does tend to put off more of an elitist attitude.</p>', 'Text Alignment', '', 'publish', 'open', 'open', '', 'text-alignment', '', '', '2013-01-09 09:00:39', '2013-01-09 15:00:39', '', 0, 'http://wptest.io/demo/?p=895', 0, 'post', '', 0),
(903, 6, '2013-01-10 20:15:40', '2013-01-11 02:15:40', '<span style="line-height: 1.714285714; font-size: 1rem;">Welcome to image alignment! The best way to demonstrate the ebb and flow of the various image positioning options is to nestle them snuggly among an ocean of words. Grab a paddle and let\'s get started.</span>\n\nOn the topic of alignment, it should be noted that users can choose from the options of <em>None</em>, <em>Left</em>, <em>Right, </em>and <em>Center</em>. In addition, they also get the options of <em>Thumbnail</em>, <em>Medium</em>, <em>Large</em> &amp; <em>Fullsize</em>.\n<p style="text-align: center;"><img class="size-full wp-image-906 aligncenter" title="Image Alignment 580x300" alt="Image Alignment 580x300" src="http://np2:8888/wp-content/uploads/2013/03/image-alignment-580x300.jpg" width="580" height="300" /></p>\nThe image above happens to be <em><strong>centered</strong></em>.\n\n<strong><img class="size-full wp-image-904 alignleft" title="Image Alignment 150x150" alt="Image Alignment 150x150" src="http://np2:8888/wp-content/uploads/2013/03/image-alignment-150x150.jpg" width="150" height="150" /></strong>The rest of this paragraph is filler for the sake of seeing the text wrap around the 150x150 image, which is <em><strong>left aligned</strong></em>. <strong></strong>\n\nAs you can see the should be some space above, below, and to the right of the image. The text should not be creeping on the image. Creeping is just not right. Images need breathing room too. Let them speak like you words. Let them do their jobs without any hassle from the text. In about one more sentence here, we\'ll see that the text moves from the right of the image down below the image in seamless transition. Again, letting the do it\'s thang. Mission accomplished!\n\nAnd now for a <em><strong>massively large image</strong></em>. It also has <em><strong>no alignment</strong></em>.\n\n<img class="alignnone  wp-image-907" title="Image Alignment 1200x400" alt="Image Alignment 1200x400" src="http://np2:8888/wp-content/uploads/2013/03/image-alignment-1200x4002.jpg" width="1200" height="400" />\n\nThe image above, though 1200px wide, should not overflow the content area. It should remain contained with no visible disruption to the flow of content.\n\n<img class="size-full wp-image-905 alignright" title="Image Alignment 300x200" alt="Image Alignment 300x200" src="http://np2:8888/wp-content/uploads/2013/03/image-alignment-300x200.jpg" width="300" height="200" />\n\nAnd now we\'re going to shift things to the <em><strong>right align</strong></em>. Again, there should be plenty of room above, below, and to the left of the image. Just look at him there... Hey guy! Way to rock that right side. I don\'t care what the left aligned image says, you look great. Don\'t let anyone else tell you differently.\n\nIn just a bit here, you should see the text start to wrap below the right aligned image and settle in nicely. There should still be plenty of room and everything should be sitting pretty. Yeah... Just like that. It never felt so good to be right.\n\nAnd just when you thought we were done, we\'re going to do them all over again with captions!\n\n[caption id="attachment_906" align="aligncenter" width="580"]<img class="size-full wp-image-906  " title="Image Alignment 580x300" alt="Image Alignment 580x300" src="http://np2:8888/wp-content/uploads/2013/03/image-alignment-580x300.jpg" width="580" height="300" /> Look at 580x300 getting some <a title="Image Settings" href="http://en.support.wordpress.com/images/image-settings/">caption</a> love.[/caption]\n\nThe image above happens to be <em><strong>centered</strong></em>. The caption also has a link in it, just to see if it does anything funky.\n\n[caption id="attachment_904" align="alignleft" width="150"]<img class="size-full wp-image-904  " title="Image Alignment 150x150" alt="Image Alignment 150x150" src="http://np2:8888/wp-content/uploads/2013/03/image-alignment-150x150.jpg" width="150" height="150" /> Itty-bitty caption.[/caption]\n\n<strong></strong>The rest of this paragraph is filler for the sake of seeing the text wrap around the 150x150 image, which is <em><strong>left aligned</strong></em>. <strong></strong>\n\nAs you can see the should be some space above, below, and to the right of the image. The text should not be creeping on the image. Creeping is just not right. Images need breathing room too. Let them speak like you words. Let them do their jobs without any hassle from the text. In about one more sentence here, we\'ll see that the text moves from the right of the image down below the image in seamless transition. Again, letting the do it\'s thang. Mission accomplished!\n\nAnd now for a <em><strong>massively large image</strong></em>. It also has <em><strong>no alignment</strong></em>.\n\n[caption id="attachment_907" align="alignnone" width="1200"]<img class=" wp-image-907" title="Image Alignment 1200x400" alt="Image Alignment 1200x400" src="http://np2:8888/wp-content/uploads/2013/03/image-alignment-1200x4002.jpg" width="1200" height="400" /> Massive image comment for your eyeballs.[/caption]\n\nThe image above, though 1200px wide, should not overflow the content area. It should remain contained with no visible disruption to the flow of content.\n\n[caption id="attachment_905" align="alignright" width="300"]<img class="size-full wp-image-905 " title="Image Alignment 300x200" alt="Image Alignment 300x200" src="http://np2:8888/wp-content/uploads/2013/03/image-alignment-300x200.jpg" width="300" height="200" /> Feels good to be right all the time.[/caption]\n\nAnd now we\'re going to shift things to the <em><strong>right align</strong></em>. Again, there should be plenty of room above, below, and to the left of the image. Just look at him there... Hey guy! Way to rock that right side. I don\'t care what the left aligned image says, you look great. Don\'t let anyone else tell you differently.\n\nIn just a bit here, you should see the text start to wrap below the right aligned image and settle in nicely. There should still be plenty of room and everything should be sitting pretty. Yeah... Just like that. It never felt so good to be right.\n\nAnd that\'s a wrap, yo! You survived the tumultuous waters of alignment. Image alignment achievement unlocked!', 'Image Alignment', '', 'publish', 'open', 'open', '', 'image-alignment', '', '', '2013-01-10 20:15:40', '2013-01-11 02:15:40', '', 0, 'http://wptest.io/demo/?p=903', 0, 'post', '', 0),
(904, 2, '2013-03-14 19:44:49', '2013-03-15 00:44:49', '', 'Image Alignment 150x150', '', 'inherit', 'open', 'open', '', 'image-alignment-150x150', '', '', '2013-03-14 19:44:49', '2013-03-15 00:44:49', '', 903, 'http://np2:8888/wp-content/uploads/2013/03/image-alignment-150x150.jpg', 0, 'attachment', 'image/jpeg', 0),
(905, 2, '2013-03-14 19:44:49', '2013-03-15 00:44:49', '', 'Image Alignment 300x200', '', 'inherit', 'open', 'open', '', 'image-alignment-300x200', '', '', '2013-03-14 19:44:49', '2013-03-15 00:44:49', '', 903, 'http://np2:8888/wp-content/uploads/2013/03/image-alignment-300x200.jpg', 0, 'attachment', 'image/jpeg', 0),
(906, 2, '2013-03-14 19:44:50', '2013-03-15 00:44:50', '', 'Image Alignment 580x300', '', 'inherit', 'open', 'open', '', 'image-alignment-580x300', '', '', '2013-03-14 19:44:50', '2013-03-15 00:44:50', '', 903, 'http://np2:8888/wp-content/uploads/2013/03/image-alignment-580x300.jpg', 0, 'attachment', 'image/jpeg', 0),
(907, 2, '2013-03-14 19:44:50', '2013-03-15 00:44:50', '', 'Image Alignment 1200x4002', '', 'inherit', 'open', 'open', '', 'image-alignment-1200x4002', '', '', '2013-03-14 19:44:50', '2013-03-15 00:44:50', '', 903, 'http://np2:8888/wp-content/uploads/2013/03/image-alignment-1200x4002.jpg', 0, 'attachment', 'image/jpeg', 0),
(919, 4, '2013-01-11 20:22:19', '2013-01-12 02:22:19', '<h2>Headings</h2>\n<h1>Header one</h1>\n<h2>Header two</h2>\n<h3>Header three</h3>\n<h4>Header four</h4>\n<h5>Header five</h5>\n<h6>Header six</h6>\n<h2>Blockquotes</h2>\nSingle line blockquote:\n<blockquote>Stay hungry. Stay foolish.</blockquote>\nMulti line blockquote with a cite reference:\n<blockquote>People think focus means saying yes to the thing you\'ve got to focus on. But that\'s not what it means at all. It means saying no to the hundred other good ideas that there are. You have to pick carefully. I\'m actually as proud of the things we haven\'t done as the things I have done. Innovation is saying no to 1,000 things. <cite>Steve Jobs - Apple Worldwide Developers\' Conference, 1997</cite></blockquote>\n<h2>Tables</h2>\n<table>\n<tbody>\n<tr>\n<th>Employee</th>\n<th class="views">Salary</th>\n<th></th>\n</tr>\n<tr class="odd">\n<td><a href="http://john.do/">John Saddington</a></td>\n<td>$1</td>\n<td>Because that\'s all Steve Job\' needed for a salary.</td>\n</tr>\n<tr class="even">\n<td><a href="http://tommcfarlin.com/">Tom McFarlin</a></td>\n<td>$100K</td>\n<td>For all the blogging he does.</td>\n</tr>\n<tr class="odd">\n<td><a href="http://jarederickson.com/">Jared Erickson</a></td>\n<td>$100M</td>\n<td>Pictures are worth a thousand words, right? So Tom x 1,000.</td>\n</tr>\n<tr class="even">\n<td><a href="http://chrisam.es/">Chris Ames</a></td>\n<td>$100B</td>\n<td>With hair like that?! Enough said...</td>\n</tr>\n</tbody>\n</table>\n<h2>Definition Lists</h2>\n<dl><dt>Definition List Title</dt><dd>Definition list division.</dd><dt>Startup</dt><dd>A startup company or startup is a company or temporary organization designed to search for a repeatable and scalable business model.</dd><dt>#dowork</dt><dd>Coined by Rob Dyrdek and his personal body guard Christopher "Big Black" Boykins, "Do Work" works as a self motivator, to motivating your friends.</dd><dt>Do It Live</dt><dd>I\'ll let Bill O\'Reilly will <a title="We\'ll Do It Live" href="https://www.youtube.com/watch?v=O_HyZ5aW76c">explain</a> this one.</dd></dl>\n<h2>Unordered Lists (Nested)</h2>\n<ul>\n	<li>List item one\n<ul>\n	<li>List item one\n<ul>\n	<li>List item one</li>\n	<li>List item two</li>\n	<li>List item three</li>\n	<li>List item four</li>\n</ul>\n</li>\n	<li>List item two</li>\n	<li>List item three</li>\n	<li>List item four</li>\n</ul>\n</li>\n	<li>List item two</li>\n	<li>List item three</li>\n	<li>List item four</li>\n</ul>\n<h2>Ordered List (Nested)</h2>\n<ol>\n	<li>List item one\n<ol>\n	<li>List item one\n<ol>\n	<li>List item one</li>\n	<li>List item two</li>\n	<li>List item three</li>\n	<li>List item four</li>\n</ol>\n</li>\n	<li>List item two</li>\n	<li>List item three</li>\n	<li>List item four</li>\n</ol>\n</li>\n	<li>List item two</li>\n	<li>List item three</li>\n	<li>List item four</li>\n</ol>\n<h2>HTML Tags</h2>\nThese supported tags come from the WordPress.com code <a title="Code" href="http://en.support.wordpress.com/code/">FAQ</a>.\n\n<strong>Address Tag</strong>\n\n<address>1 Infinite Loop\nCupertino, CA 95014\nUnited States</address><strong>Anchor Tag (aka. Link)</strong>\n\nThis is an example of a <a title="Apple" href="http://apple.com">link</a>.\n\n<strong>Abbreviation Tag</strong>\n\nThe abbreviation <abbr title="Seriously">srsly</abbr> stands for "seriously".\n\n<strong>Acronym Tag</strong>\n\nThe acronym <acronym title="For The Win">ftw</acronym> stands for "for the win".\n\n<strong>Big Tag</strong>\n\nThese tests are a <big>big</big> deal, but this tag is no longer supported in HTML5.\n\n<strong>Cite Tag</strong>\n\n"Code is poetry." --<cite>Automattic</cite>\n\n<strong>Code Tag</strong>\n\nYou will learn later on in these tests that <code>word-wrap: break-word;</code> will be your best friend.\n\n<strong>Delete Tag</strong>\n\nThis tag will let you <del>strikeout text</del>, but this tag is no longer supported in HTML5 (use the <code>&lt;strike&gt;</code> instead).\n\n<strong>Emphasize Tag</strong>\n\nThe emphasize tag should <em>italicize</em> text.\n\n<strong>Insert Tag</strong>\n\nThis tag should denote <ins>inserted</ins> text.\n\n<strong>Keyboard Tag</strong>\n\nThis scarsly known tag emulates <kbd>keyboard text</kbd>, which is usually styled like the <code>&lt;code&gt;</code> tag.\n\n<strong>Preformatted Tag</strong>\n\nThis tag styles large blocks of code.\n<pre>.post-title {\n	margin: 0 0 5px;\n	font-weight: bold;\n	font-size: 38px;\n	line-height: 1.2;\n}</pre>\n<strong>Quote Tag</strong>\n\n<q>Developers, developers, developers...</q> --Steve Ballmer\n\n<strong>Strong Tag</strong>\n\nThis tag shows <strong>bold<strong> text.</strong></strong>\n\n<strong>Subscript Tag</strong>\n\nGetting our science styling on with H<sub>2</sub>O, which should push the "2" down.\n\n<strong>Superscript Tag</strong>\n\nStill sticking with science and Isaac Newton\'s E = MC<sup>2</sup>, which should lift the 2 up.\n\n<strong>Teletype Tag</strong>\n\nThis rarely used tag emulates <tt>teletype text</tt>, which is usually styled like the <code>&lt;code&gt;</code> tag.\n\n<strong>Variable Tag</strong>\n\nThis allows you to denote <var>variables</var>.', 'Markup And Formatting', '', 'publish', 'open', 'open', '', 'markup-and-formatting', '', '', '2013-01-11 20:22:19', '2013-01-12 02:22:19', '', 0, 'http://wptest.io/demo/?p=919', 0, 'post', '', 0),
(922, 3, '2013-03-16 01:03:21', '0000-00-00 00:00:00', 'This post is drafted and not published yet.\n\nIt should not be displayed by the theme.', 'Draft', '', 'draft', 'open', 'open', '', '', '', '', '2013-03-16 01:03:21', '0000-00-00 00:00:00', '', 0, 'http://wptest.io/demo/?p=922', 0, 'post', '', 0),
(946, 2, '2012-12-11 11:00:11', '2012-12-11 17:00:11', '<strong>This is an example of a standard post format</strong>.\n\nInspiration is a spark. A flash of light. Ignition. But without the proper mixture of oxygen and fuel, inspiration both lives and dies in the same instant. My life, my experiences, my research; these things are fertile soil for the great blog posts hidden within me. I carry them always and they are present when I sit down to do my work.\n\nBut all too often, it’s a struggle. The raw material is there, but the inspiration is not. The oxygen is abundant, but the fuel is scarce. And I’m left wondering, “How?”\n\nHow do I harvest? How do I sift and pan? How do I mine the caverns within me for intellectual and emotional gems? How do I… write?\n\nOr perhaps a better question is, how do you? Yes, <em>you</em>, my kindred blog reader. Surely, <em>you</em> are similar. Surely, <em>you’ve</em> wrestled the Great Muse down to the dusty earth, and won.\n\nI know this: it starts before I sit down to type. Great posts begin with significant life challenges. With weighty problems to solve. With an urgent need or a mature discontent with the way things are today. Yes, I think all great posts begin before words are written.\n\nSo get up, reader. Walk away from your keyboard, and live.\n\nOnly then can you give life… to words.', 'Post Format: Standard', '', 'publish', 'open', 'open', '', 'post-format-standard', '', '', '2012-12-11 11:00:11', '2012-12-11 17:00:11', '', 0, 'http://wptest.io/demo/?p=946', 0, 'post', '', 0),
(963, 2, '2013-03-14 22:04:43', '2013-03-15 03:04:43', 'It\'s dangerous to go alone! Take this.', 'Triforce Wallpaper', '', 'inherit', 'open', 'open', '', 'triforce-wallpaper', '', '', '2013-03-14 22:04:43', '2013-03-15 03:04:43', '', 674, 'http://np2:8888/wp-content/uploads/2012/12/triforce-wallpaper.jpg', 0, 'attachment', 'image/jpeg', 0),
(967, 2, '2013-03-14 22:10:39', '2013-03-15 03:10:39', '', 'Unicorn Wallpaper', '', 'inherit', 'open', 'open', '', 'unicorn-wallpaper', '', '', '2013-03-14 22:10:39', '2013-03-15 03:10:39', '', 568, 'http://np2:8888/wp-content/uploads/2012/12/unicorn-wallpaper.jpg', 0, 'attachment', 'image/jpeg', 0),
(976, 2, '2013-03-14 22:35:29', '2013-03-15 03:35:29', '', 'Eddy - Need (Remix)', '', 'inherit', 'open', 'open', '', 'eddy-need-remix', '', '', '2013-03-14 22:35:29', '2013-03-15 03:35:29', '', 0, 'http://np2:8888/wp-content/uploads/2013/03/Eddy-Need-Remix.mp3', 0, 'attachment', 'audio/mpeg', 0),
(977, 1, '2014-09-02 01:20:37', '2014-09-02 01:20:37', '', '', '', 'inherit', 'open', 'open', '', '977', '', '', '2014-09-02 01:20:37', '2014-09-02 01:20:37', '', 0, '', 0, 'attachment', 'image/jpeg', 0),
(993, 6, '2013-03-15 14:38:08', '2013-03-15 19:38:08', 'This is the post content.', 'Excerpt', 'This is a post excerpt.', 'publish', 'open', 'open', '', 'excerpt', '', '', '2013-03-15 14:38:08', '2013-03-15 19:38:08', '', 0, 'http://wptest.io/demo/?p=993', 0, 'post', '', 0),
(996, 3, '2013-03-15 14:41:11', '2013-03-15 19:41:11', 'This content is before the <a title="The More Tag" href="http://en.support.wordpress.com/splitting-content/more-tag/" target="_blank">more tag</a>.\n\nRight after this sentence should be a "continue reading" button of some sort.\n\n<!--more-->\n\nAnd this content is after the more tag.', 'More Tag', '', 'publish', 'open', 'open', '', 'more-tag', '', '', '2013-03-15 14:41:11', '2013-03-15 19:41:11', '', 0, 'http://wptest.io/demo/?p=996', 0, 'post', '', 0),
(1000, 2, '2013-03-15 14:48:32', '2013-03-15 19:48:32', 'Nested and mixed lists are an interesting beast. It\'s a corner case to make sure that\n<ul>\n	<li><span style="line-height: 1.714285714; font-size: 1rem;">Lists within lists do not break the ordered list numbering order</span></li>\n	<li><span style="line-height: 1.714285714; font-size: 1rem;">Your list styles go deep enough.</span></li>\n</ul>\n<h3>Ordered - Unordered - Ordered</h3>\n<ol>\n	<li>ordered item</li>\n	<li>ordered item\n<ul>\n	<li><strong>unordered</strong></li>\n	<li><strong>unordered</strong>\n<ol>\n	<li>ordered item</li>\n	<li>ordered item</li>\n</ol>\n</li>\n</ul>\n</li>\n	<li>ordered item</li>\n	<li>ordered item</li>\n</ol>\n<h3>Ordered - Unordered - Unordered</h3>\n<ol>\n	<li>ordered item</li>\n	<li>ordered item\n<ul>\n	<li><strong>unordered</strong></li>\n	<li><strong>unordered</strong>\n<ul>\n	<li>unordered item</li>\n	<li>unordered item</li>\n</ul>\n</li>\n</ul>\n</li>\n	<li>ordered item</li>\n	<li>ordered item</li>\n</ol>\n<h3>Unordered - Ordered - Unordered</h3>\n<ul>\n	<li>unordered item</li>\n	<li>unordered item\n<ol>\n	<li>ordered</li>\n	<li>ordered\n<ul>\n	<li>unordered item</li>\n	<li>unordered item</li>\n</ul>\n</li>\n</ol>\n</li>\n	<li>unordered item</li>\n	<li>unordered item</li>\n</ul>\n<h3>Unordered - Unordered - Ordered</h3>\n<ul>\n	<li>unordered item</li>\n	<li>unordered item\n<ul>\n	<li>unordered</li>\n	<li>unordered\n<ol>\n	<li><strong>ordered item</strong></li>\n	<li><strong>ordered item</strong></li>\n</ol>\n</li>\n</ul>\n</li>\n	<li>unordered item</li>\n	<li>unordered item</li>\n</ul>', 'Nested And Mixed Lists', '', 'publish', 'open', 'open', '', 'nested-and-mixed-lists', '', '', '2013-03-15 14:48:32', '2013-03-15 19:48:32', '', 0, 'http://wptest.io/demo/?p=1000', 0, 'post', '', 0),
(1005, 2, '2012-12-02 03:00:34', '2012-12-02 09:00:34', '[wpvideo tFnqC9XQ w=680]\n\n<a title="VideoPress Plugin for WordPress" href="http://videopress.com/" target="_blank">VideoPress</a>, especially as a video post format, usually provides some unique styling issues.\n\nYou will need to install <a title="Jetpack for WordPress" href="http://jetpack.me/" target="_blank">Jetpack</a> or <a title="Slim Jetpack" href="http://wordpress.org/extend/plugins/slimjetpack/" target="_blank">Slim Jetpack</a> plugin to turn the shortcode into a viewable video.', 'Post Format: Video (VideoPress)', '', 'publish', 'open', 'open', '', 'post-format-video-videopress', '', '', '2012-12-02 03:00:34', '2012-12-02 09:00:34', '', 0, 'http://wptest.io/demo/?p=1005', 0, 'post', '', 0),
(1011, 4, '2013-03-15 15:15:12', '2013-03-15 20:15:12', 'This post should display a <a title="Featured Images" href="http://en.support.wordpress.com/featured-images/#setting-a-featured-image" target="_blank">featured image</a>, if the theme <a title="Post Thumbnails" href="http://codex.wordpress.org/Post_Thumbnails" target="_blank">supports it</a>.\n\nNon-square images can provide some unique styling issues.\n\nThis post tests a horizontal featured image.', 'Featured Image (Horizontal)', '', 'publish', 'open', 'open', '', 'featured-image-horizontal', '', '', '2013-03-15 15:15:12', '2013-03-15 20:15:12', '', 0, 'http://wptest.io/demo/?p=1011', 0, 'post', '', 0),
(1016, 5, '2013-03-15 15:36:32', '2013-03-15 20:36:32', 'This post should display a <a title="Featured Images" href="http://en.support.wordpress.com/featured-images/#setting-a-featured-image" target="_blank">featured image</a>, if the theme <a title="Post Thumbnails" href="http://codex.wordpress.org/Post_Thumbnails" target="_blank">supports it</a>.\n\nNon-square images can provide some unique styling issues.\n\nThis post tests a vertical featured image.', 'Featured Image (Vertical)', '', 'publish', 'open', 'open', '', 'featured-image-vertical', '', '', '2013-03-15 15:36:32', '2013-03-15 20:36:32', '', 0, 'http://wptest.io/demo/?p=1016', 0, 'post', '', 0),
(1022, 2, '2013-03-15 15:40:38', '2013-03-15 20:40:38', '', 'Horizontal Featured Image', '', 'inherit', 'open', 'open', '', 'featured-image-horizontal-2', '', '', '2013-03-15 15:40:38', '2013-03-15 20:40:38', '', 1011, 'http://np2:8888/wp-content/uploads/2013/03/featured-image-horizontal.jpg', 0, 'attachment', 'image/jpeg', 0),
(1024, 2, '2013-03-15 15:41:09', '2013-03-15 20:41:09', '', 'Vertical Featured Image', '', 'inherit', 'open', 'open', '', 'featured-image-vertical-2', '', '', '2013-03-15 15:41:09', '2013-03-15 20:41:09', '', 1016, 'http://np2:8888/wp-content/uploads/2013/03/featured-image-vertical.jpg', 0, 'attachment', 'image/jpeg', 0) ;
INSERT INTO `wp_np2posts` ( `ID`, `post_author`, `post_date`, `post_date_gmt`, `post_content`, `post_title`, `post_excerpt`, `post_status`, `comment_status`, `ping_status`, `post_password`, `post_name`, `to_ping`, `pinged`, `post_modified`, `post_modified_gmt`, `post_content_filtered`, `post_parent`, `guid`, `menu_order`, `post_type`, `post_mime_type`, `comment_count`) VALUES
(1027, 7, '2013-03-15 15:47:16', '2013-03-15 20:47:16', 'https://twitter.com/carlsmith/status/258214236126322689\n\nThis post tests WordPress\' <a title="Twitter Embeds" href="http://en.support.wordpress.com/twitter/twitter-embeds/" target="_blank">Twitter Embeds</a> feature.', 'Twitter Embeds', '', 'publish', 'open', 'open', '', 'twitter-embeds', '', '', '2013-03-15 15:47:16', '2013-03-15 20:47:16', '', 0, 'http://wptest.io/demo/?p=1027', 0, 'post', '', 0),
(1031, 6, '2013-03-15 17:23:27', '2013-03-15 22:23:27', 'This is a test for Jetpack\'s Tiled Gallery.\n\nYou can install <a title="Jetpack for WordPress" href="http://jetpack.me/" target="_blank">Jetpack</a> or <a title="Slim Jetpack" href="http://wordpress.org/extend/plugins/slimjetpack/" target="_blank">Slim Jetpack</a> to test it out.\n\n[gallery type="rectangular" columns="4" ids="1037,1038,1039,1040,1041,1042" orderby="rand"]\n\nThis is some text after the Tiled Gallery just to make sure that everything spaces nicely.', 'Tiled Gallery', '', 'publish', 'open', 'open', '', 'tiled-gallery', '', '', '2013-03-15 17:23:27', '2013-03-15 22:23:27', '', 0, 'http://wptest.io/demo/?p=1031', 0, 'post', '', 0),
(1037, 2, '2013-03-15 17:27:02', '2013-03-15 22:27:02', '', 'Captian America', '', 'inherit', 'open', 'open', '', 'captian-america', '', '', '2013-03-15 17:27:02', '2013-03-15 22:27:02', '', 1031, 'http://np2:8888/wp-content/uploads/2013/03/captian-america.jpg', 0, 'attachment', 'image/jpeg', 0),
(1038, 2, '2013-03-15 17:27:04', '2013-03-15 22:27:04', '', 'Fight Club', '', 'inherit', 'open', 'open', '', 'fight-club', '', '', '2013-03-15 17:27:04', '2013-03-15 22:27:04', '', 1031, 'http://np2:8888/wp-content/uploads/2013/03/fight-club.jpg', 0, 'attachment', 'image/jpeg', 0),
(1039, 2, '2013-03-15 17:27:06', '2013-03-15 22:27:06', '', 'Iron Man 2', '', 'inherit', 'open', 'open', '', 'ironman-2', '', '', '2013-03-15 17:27:06', '2013-03-15 22:27:06', '', 1031, 'http://np2:8888/wp-content/uploads/2013/03/ironman-2.jpg', 0, 'attachment', 'image/jpeg', 0),
(1040, 2, '2013-03-15 17:27:07', '2013-03-15 22:27:07', '', 'Man Of Steel', '', 'inherit', 'open', 'open', '', 'man-of-steel', '', '', '2013-03-15 17:27:07', '2013-03-15 22:27:07', '', 1031, 'http://np2:8888/wp-content/uploads/2013/03/man-of-steel.jpg', 0, 'attachment', 'image/jpeg', 0),
(1041, 2, '2013-03-15 17:27:08', '2013-03-15 22:27:08', '', 'The Amazing Spider Man', '', 'inherit', 'open', 'open', '', 'spider-man', '', '', '2013-03-15 17:27:08', '2013-03-15 22:27:08', '', 1031, 'http://np2:8888/wp-content/uploads/2013/03/spider-man.jpg', 0, 'attachment', 'image/jpeg', 0),
(1042, 2, '2013-03-15 17:27:09', '2013-03-15 22:27:09', '', 'The Dark Knight Rises', '', 'inherit', 'open', 'open', '', 'the-dark-knight-rises', '', '', '2013-03-15 17:27:09', '2013-03-15 22:27:09', '', 1031, 'http://np2:8888/wp-content/uploads/2013/03/the-dark-knight-rises.jpg', 0, 'attachment', 'image/jpeg', 0),
(1062, 2, '2013-03-15 17:48:51', '2013-03-15 22:48:51', '<iframe src="http://astore.amazon.com/iogiea09-20" height="4000" width="100%" frameborder="0" scrolling="no"></iframe>', 'Amazon Store', '', 'publish', 'open', 'open', '', 'amazon-store', '', '', '2013-03-15 17:48:51', '2013-03-15 22:48:51', '', 0, 'http://wptest.io/demo/?page_id=1062', 0, 'page', '', 0),
(1064, 2, '2013-03-15 17:56:11', '2013-03-15 22:56:11', 'Note that you will probably want to test this page in conjunction with the <span style="text-decoration: underline;"><strong>Blog</strong></span> page.\n\nTo test this page:\n<ul>\n	<li>Navigate to <strong><em>Settings &gt; Reading</em></strong> in the WordPress admin.</li>\n	<li>Then use the settings in the screenshot below.</li>\n</ul>\n<img class="alignnone size-full wp-image-1071" alt="Static Pages" src="http://np2:8888/wp-content/uploads/2013/03/static-pages.png" width="1390" height="1022" />\n\nA few things to check once this is done.\n<ul>\n	<li>Navigating to the root URL loads this page.</li>\n	<li>The site title should be an <code>H1</code> and the page title should be an <code>H2</code> (if displayed).</li>\n	<li>Check that the browser window / tab name is what you intend it to show.</li>\n	<li>If your theme displays breadcrumbs, they should probably not show when this page is the front page.</li>\n</ul>', 'Home', '', 'publish', 'open', 'open', '', 'home', '', '', '2013-03-15 17:56:11', '2013-03-15 22:56:11', '', 0, 'http://wptest.io/demo/?page_id=1064', 0, 'page', '', 0),
(1066, 2, '2013-03-15 17:59:55', '2013-03-15 22:59:55', 'Note that you will probably want to test this page in conjunction with the <span style="text-decoration: underline;"><strong>Home</strong></span> page.\n\nTo test this page:\n<ul>\n	<li><span style="line-height: 1.714285714; font-size: 1rem;">Navigate to </span><strong style="line-height: 1.714285714; font-size: 1rem;"><em>Settings &gt; Reading</em></strong><span style="line-height: 1.714285714; font-size: 1rem;"> in the WordPress admin.</span></li>\n	<li><span style="font-size: 1rem; line-height: 1.714285714;">Then use the settings in the screenshot below.</span></li>\n</ul>\n<img class="alignnone size-full wp-image-1071" alt="Static Pages" src="http://np2:8888/wp-content/uploads/2013/03/static-pages.png" width="1390" height="1022" />\n\nA few things to check once this is done.\n<ul>\n	<li>Navigating to the Blog page does <span style="text-decoration: underline;"><strong>not</strong></span> display this page. It should display blog posts.</li>\n	<li><span style="line-height: 1.714285714; font-size: 1rem;">Check that the browser window / tab name is what you intend it to show.</span></li>\n	<li>If your theme displays breadcrumbs, they should probably not show when this is the posts page.</li>\n</ul>', 'Blog', '', 'publish', 'open', 'open', '', 'blog', '', '', '2013-03-15 17:59:55', '2013-03-15 22:59:55', '', 0, 'http://wptest.io/demo/?page_id=1066', 0, 'page', '', 0),
(1071, 2, '2013-03-15 18:02:10', '2013-03-15 23:02:10', '', 'Static Pages', '', 'inherit', 'open', 'open', '', 'static-pages', '', '', '2013-03-15 18:02:10', '2013-03-15 23:02:10', '', 1064, 'http://np2:8888/wp-content/uploads/2013/03/static-pages.png', 0, 'attachment', 'image/png', 0),
(1072, 1, '2014-09-02 01:20:45', '2014-09-02 01:20:45', '', 'Home', '', 'publish', 'open', 'open', '', 'home', '', '', '2014-09-02 01:20:45', '2014-09-02 01:20:45', '', 0, 'http://np2:8888/?p=1072', 1, 'nav_menu_item', '', 0),
(1073, 1, '2014-09-02 01:20:45', '2014-09-02 01:20:45', 'Posts in this category test image and text alignment.', '', '', 'publish', 'open', 'open', '', '1073', '', '', '2014-09-02 01:20:45', '2014-09-02 01:20:45', '', 0, 'http://np2:8888/?p=1073', 17, 'nav_menu_item', '', 0),
(1074, 1, '2014-09-02 01:20:46', '2014-09-02 01:20:46', 'Posts in this category test the aside post format.', '', '', 'publish', 'open', 'open', '', '1074', '', '', '2014-09-02 01:20:46', '2014-09-02 01:20:46', '', 0, 'http://np2:8888/?p=1074', 18, 'nav_menu_item', '', 0),
(1075, 1, '2014-09-02 01:20:46', '2014-09-02 01:20:46', 'Posts in this category test the audio post format.', '', '', 'publish', 'open', 'open', '', '1075', '', '', '2014-09-02 01:20:46', '2014-09-02 01:20:46', '', 0, 'http://np2:8888/?p=1075', 19, 'nav_menu_item', '', 0),
(1076, 1, '2014-09-02 01:20:46', '2014-09-02 01:20:46', 'Posts in this category test image captions.', '', '', 'publish', 'open', 'open', '', '1076', '', '', '2014-09-02 01:20:46', '2014-09-02 01:20:46', '', 0, 'http://np2:8888/?p=1076', 20, 'nav_menu_item', '', 0),
(1077, 1, '2014-09-02 01:20:46', '2014-09-02 01:20:46', 'Posts in this category test the chat post format.', '', '', 'publish', 'open', 'open', '', '1077', '', '', '2014-09-02 01:20:46', '2014-09-02 01:20:46', '', 0, 'http://np2:8888/?p=1077', 21, 'nav_menu_item', '', 0),
(1078, 1, '2014-09-02 01:20:46', '2014-09-02 01:20:46', 'Posts in this category contain Codex references.', '', '', 'publish', 'open', 'open', '', '1078', '', '', '2014-09-02 01:20:46', '2014-09-02 01:20:46', '', 0, 'http://np2:8888/?p=1078', 22, 'nav_menu_item', '', 0),
(1079, 1, '2014-09-02 01:20:46', '2014-09-02 01:20:46', 'Posts in this category test comments.', '', '', 'publish', 'open', 'open', '', '1079', '', '', '2014-09-02 01:20:46', '2014-09-02 01:20:46', '', 0, 'http://np2:8888/?p=1079', 23, 'nav_menu_item', '', 0),
(1080, 1, '2014-09-02 01:20:46', '2014-09-02 01:20:46', 'Posts in this category test post content.', '', '', 'publish', 'open', 'open', '', '1080', '', '', '2014-09-02 01:20:46', '2014-09-02 01:20:46', '', 0, 'http://np2:8888/?p=1080', 24, 'nav_menu_item', '', 0),
(1081, 1, '2014-09-02 01:20:46', '2014-09-02 01:20:46', 'Posts in this category test odd corner cases, using uncovered by rare user workflows.', '', '', 'publish', 'open', 'open', '', '1081', '', '', '2014-09-02 01:20:46', '2014-09-02 01:20:46', '', 0, 'http://np2:8888/?p=1081', 25, 'nav_menu_item', '', 0),
(1082, 1, '2014-09-02 01:20:46', '2014-09-02 01:20:46', 'Posts in this category test various embed codes.', '', '', 'publish', 'open', 'open', '', '1082', '', '', '2014-09-02 01:20:46', '2014-09-02 01:20:46', '', 0, 'http://np2:8888/?p=1082', 26, 'nav_menu_item', '', 0),
(1083, 1, '2014-09-02 01:20:46', '2014-09-02 01:20:46', 'Posts in this category test post excerpts.', '', '', 'publish', 'open', 'open', '', '1083', '', '', '2014-09-02 01:20:46', '2014-09-02 01:20:46', '', 0, 'http://np2:8888/?p=1083', 27, 'nav_menu_item', '', 0),
(1084, 1, '2014-09-02 01:20:46', '2014-09-02 01:20:46', 'Posts in this category test featured images.', '', '', 'publish', 'open', 'open', '', '1084', '', '', '2014-09-02 01:20:46', '2014-09-02 01:20:46', '', 0, 'http://np2:8888/?p=1084', 28, 'nav_menu_item', '', 0) ;
INSERT INTO `wp_np2posts` ( `ID`, `post_author`, `post_date`, `post_date_gmt`, `post_content`, `post_title`, `post_excerpt`, `post_status`, `comment_status`, `ping_status`, `post_password`, `post_name`, `to_ping`, `pinged`, `post_modified`, `post_modified_gmt`, `post_content_filtered`, `post_parent`, `guid`, `menu_order`, `post_type`, `post_mime_type`, `comment_count`) VALUES
(1085, 1, '2014-09-02 01:20:46', '2014-09-02 01:20:46', 'Posts in this category test various formatting scenarios.', '', '', 'publish', 'open', 'open', '', '1085', '', '', '2014-09-02 01:20:46', '2014-09-02 01:20:46', '', 0, 'http://np2:8888/?p=1085', 29, 'nav_menu_item', '', 0),
(1086, 1, '2014-09-02 01:20:46', '2014-09-02 01:20:46', 'Posts in this category test the gallery post format.', '', '', 'publish', 'open', 'open', '', '1086', '', '', '2014-09-02 01:20:46', '2014-09-02 01:20:46', '', 0, 'http://np2:8888/?p=1086', 30, 'nav_menu_item', '', 0),
(1087, 1, '2014-09-02 01:20:46', '2014-09-02 01:20:46', 'Posts in this category test images in various ways.', '', '', 'publish', 'open', 'open', '', '1087', '', '', '2014-09-02 01:20:46', '2014-09-02 01:20:46', '', 0, 'http://np2:8888/?p=1087', 31, 'nav_menu_item', '', 0),
(1088, 1, '2014-09-02 01:20:46', '2014-09-02 01:20:46', 'Posts in this category test Jetpack features.', '', '', 'publish', 'open', 'open', '', '1088', '', '', '2014-09-02 01:20:46', '2014-09-02 01:20:46', '', 0, 'http://np2:8888/?p=1088', 32, 'nav_menu_item', '', 0),
(1089, 1, '2014-09-02 01:20:46', '2014-09-02 01:20:46', 'Posts in this category test the link post format.', '', '', 'publish', 'open', 'open', '', '1089', '', '', '2014-09-02 01:20:46', '2014-09-02 01:20:46', '', 0, 'http://np2:8888/?p=1089', 33, 'nav_menu_item', '', 0),
(1090, 1, '2014-09-02 01:20:46', '2014-09-02 01:20:46', 'Posts in this category test various list scenarios.', '', '', 'publish', 'open', 'open', '', '1090', '', '', '2014-09-02 01:20:46', '2014-09-02 01:20:46', '', 0, 'http://np2:8888/?p=1090', 34, 'nav_menu_item', '', 0),
(1091, 1, '2014-09-02 01:20:46', '2014-09-02 01:20:46', 'Posts in this category test markup tags and styles.', '', '', 'publish', 'open', 'open', '', '1091', '', '', '2014-09-02 01:20:46', '2014-09-02 01:20:46', '', 0, 'http://np2:8888/?p=1091', 35, 'nav_menu_item', '', 0),
(1092, 1, '2014-09-02 01:20:46', '2014-09-02 01:20:46', 'Posts in this category test the more tag feature.', '', '', 'publish', 'open', 'open', '', '1092', '', '', '2014-09-02 01:20:46', '2014-09-02 01:20:46', '', 0, 'http://np2:8888/?p=1092', 36, 'nav_menu_item', '', 0),
(1093, 1, '2014-09-02 01:20:46', '2014-09-02 01:20:46', 'This is a parent category. It will contain child categories', '', '', 'publish', 'open', 'open', '', '1093', '', '', '2014-09-02 01:20:46', '2014-09-02 01:20:46', '', 0, 'http://np2:8888/?p=1093', 37, 'nav_menu_item', '', 0),
(1094, 1, '2014-09-02 01:20:47', '2014-09-02 01:20:47', 'This is a description for the Child Category 01.', '', '', 'publish', 'open', 'open', '', '1094', '', '', '2014-09-02 01:20:47', '2014-09-02 01:20:47', '', 22, 'http://np2:8888/?p=1094', 38, 'nav_menu_item', '', 0),
(1095, 1, '2014-09-02 01:20:47', '2014-09-02 01:20:47', 'This is a description for the Child Category 02.', '', '', 'publish', 'open', 'open', '', '1095', '', '', '2014-09-02 01:20:47', '2014-09-02 01:20:47', '', 22, 'http://np2:8888/?p=1095', 39, 'nav_menu_item', '', 0),
(1096, 1, '2014-09-02 01:20:47', '2014-09-02 01:20:47', 'This is a description for the Child Category 03.', '', '', 'publish', 'open', 'open', '', '1096', '', '', '2014-09-02 01:20:47', '2014-09-02 01:20:47', '', 22, 'http://np2:8888/?p=1096', 40, 'nav_menu_item', '', 0),
(1097, 1, '2014-09-02 01:20:47', '2014-09-02 01:20:47', 'This is a description for the Grandchild Category.', '', '', 'publish', 'open', 'open', '', '1097', '', '', '2014-09-02 01:20:47', '2014-09-02 01:20:47', '', 39, 'http://np2:8888/?p=1097', 41, 'nav_menu_item', '', 0),
(1098, 1, '2014-09-02 01:20:47', '2014-09-02 01:20:47', 'This is a description for the Child Category 04.', '', '', 'publish', 'open', 'open', '', '1098', '', '', '2014-09-02 01:20:47', '2014-09-02 01:20:47', '', 22, 'http://np2:8888/?p=1098', 42, 'nav_menu_item', '', 0),
(1099, 1, '2014-09-02 01:20:47', '2014-09-02 01:20:47', 'This is a description for the Child Category 05.', '', '', 'publish', 'open', 'open', '', '1099', '', '', '2014-09-02 01:20:47', '2014-09-02 01:20:47', '', 22, 'http://np2:8888/?p=1099', 43, 'nav_menu_item', '', 0),
(1100, 1, '2014-09-02 01:20:47', '2014-09-02 01:20:47', 'Posts in this category test the post password feature.', '', '', 'publish', 'open', 'open', '', '1100', '', '', '2014-09-02 01:20:47', '2014-09-02 01:20:47', '', 0, 'http://np2:8888/?p=1100', 44, 'nav_menu_item', '', 0),
(1101, 1, '2014-09-02 01:20:47', '2014-09-02 01:20:47', 'Posts in this category test pingbacks.', '', '', 'publish', 'open', 'open', '', '1101', '', '', '2014-09-02 01:20:47', '2014-09-02 01:20:47', '', 0, 'http://np2:8888/?p=1101', 45, 'nav_menu_item', '', 0),
(1102, 1, '2014-09-02 01:20:47', '2014-09-02 01:20:47', 'Posts in this category test post formats.', '', '', 'publish', 'open', 'open', '', '1102', '', '', '2014-09-02 01:20:47', '2014-09-02 01:20:47', '', 0, 'http://np2:8888/?p=1102', 46, 'nav_menu_item', '', 0),
(1103, 1, '2014-09-02 01:20:47', '2014-09-02 01:20:47', 'Posts in this category test the quote post format.', '', '', 'publish', 'open', 'open', '', '1103', '', '', '2014-09-02 01:20:47', '2014-09-02 01:20:47', '', 0, 'http://np2:8888/?p=1103', 47, 'nav_menu_item', '', 0),
(1104, 1, '2014-09-02 01:20:47', '2014-09-02 01:20:47', 'Posts in this category test various shortcodes.', '', '', 'publish', 'open', 'open', '', '1104', '', '', '2014-09-02 01:20:47', '2014-09-02 01:20:47', '', 0, 'http://np2:8888/?p=1104', 48, 'nav_menu_item', '', 0),
(1105, 1, '2014-09-02 01:20:47', '2014-09-02 01:20:47', 'Posts in this category test the standard post format.', '', '', 'publish', 'open', 'open', '', '1105', '', '', '2014-09-02 01:20:47', '2014-09-02 01:20:47', '', 0, 'http://np2:8888/?p=1105', 49, 'nav_menu_item', '', 0),
(1106, 1, '2014-09-02 01:20:47', '2014-09-02 01:20:47', 'Posts in this category test the status post format.', '', '', 'publish', 'open', 'open', '', '1106', '', '', '2014-09-02 01:20:47', '2014-09-02 01:20:47', '', 0, 'http://np2:8888/?p=1106', 50, 'nav_menu_item', '', 0),
(1107, 1, '2014-09-02 01:20:47', '2014-09-02 01:20:47', 'Posts in this category test post title scenarios.', '', '', 'publish', 'open', 'open', '', '1107', '', '', '2014-09-02 01:20:47', '2014-09-02 01:20:47', '', 0, 'http://np2:8888/?p=1107', 51, 'nav_menu_item', '', 0),
(1108, 1, '2014-09-02 01:20:47', '2014-09-02 01:20:47', 'Posts in this category test trackbacks.', '', '', 'publish', 'open', 'open', '', '1108', '', '', '2014-09-02 01:20:47', '2014-09-02 01:20:47', '', 0, 'http://np2:8888/?p=1108', 52, 'nav_menu_item', '', 0),
(1109, 1, '2014-09-02 01:20:47', '2014-09-02 01:20:47', 'Posts in this category test various Twitter features.', '', '', 'publish', 'open', 'open', '', '1109', '', '', '2014-09-02 01:20:47', '2014-09-02 01:20:47', '', 0, 'http://np2:8888/?p=1109', 53, 'nav_menu_item', '', 0),
(1110, 1, '2014-09-02 01:20:47', '2014-09-02 01:20:47', ' ', '', '', 'publish', 'open', 'open', '', '1110', '', '', '2014-09-02 01:20:47', '2014-09-02 01:20:47', '', 0, 'http://np2:8888/?p=1110', 54, 'nav_menu_item', '', 0),
(1111, 1, '2014-09-02 01:20:47', '2014-09-02 01:20:47', 'Posts in this category test unpublished posts.', '', '', 'publish', 'open', 'open', '', '1111', '', '', '2014-09-02 01:20:47', '2014-09-02 01:20:47', '', 0, 'http://np2:8888/?p=1111', 55, 'nav_menu_item', '', 0),
(1112, 1, '2014-09-02 01:20:47', '2014-09-02 01:20:47', 'Posts in this category test the video post format.', '', '', 'publish', 'open', 'open', '', '1112', '', '', '2014-09-02 01:20:47', '2014-09-02 01:20:47', '', 0, 'http://np2:8888/?p=1112', 56, 'nav_menu_item', '', 0),
(1113, 1, '2014-09-02 01:20:47', '2014-09-02 01:20:47', 'Posts in this category test VideoPress features.', '', '', 'publish', 'open', 'open', '', '1113', '', '', '2014-09-02 01:20:47', '2014-09-02 01:20:47', '', 0, 'http://np2:8888/?p=1113', 57, 'nav_menu_item', '', 0),
(1114, 1, '2014-09-02 01:20:47', '2014-09-02 01:20:47', '', 'Pages', '', 'publish', 'open', 'open', '', 'pages', '', '', '2014-09-02 01:22:23', '2014-09-02 01:22:23', '', 0, 'http://np2:8888/?p=1114', 2, 'nav_menu_item', '', 0),
(1115, 1, '2014-09-02 01:20:47', '2014-09-02 01:20:47', '', 'Categories', '', 'publish', 'open', 'open', '', 'categories', '', '', '2014-09-02 01:22:23', '2014-09-02 01:22:23', '', 0, 'http://np2:8888/?p=1115', 10, 'nav_menu_item', '', 0),
(1116, 1, '2014-09-02 01:20:47', '2014-09-02 01:20:47', 'Posts in this category test image and text alignment.', '', '', 'publish', 'open', 'open', '', '1116', '', '', '2014-09-02 01:22:23', '2014-09-02 01:22:23', '', 0, 'http://np2:8888/?p=1116', 11, 'nav_menu_item', '', 0),
(1117, 1, '2014-09-02 01:20:47', '2014-09-02 01:20:47', 'Posts in this category test comments.', '', '', 'publish', 'open', 'open', '', '1117', '', '', '2014-09-02 01:22:23', '2014-09-02 01:22:23', '', 0, 'http://np2:8888/?p=1117', 12, 'nav_menu_item', '', 0),
(1118, 1, '2014-09-02 01:20:47', '2014-09-02 01:20:47', 'Posts in this category test odd corner cases, using uncovered by rare user workflows.', '', '', 'publish', 'open', 'open', '', '1118', '', '', '2014-09-02 01:22:23', '2014-09-02 01:22:23', '', 0, 'http://np2:8888/?p=1118', 13, 'nav_menu_item', '', 0),
(1119, 1, '2014-09-02 01:20:47', '2014-09-02 01:20:47', 'Posts in this category test various embed codes.', '', '', 'publish', 'open', 'open', '', '1119', '', '', '2014-09-02 01:22:23', '2014-09-02 01:22:23', '', 0, 'http://np2:8888/?p=1119', 14, 'nav_menu_item', '', 0),
(1120, 1, '2014-09-02 01:20:47', '2014-09-02 01:20:47', 'Posts in this category test post excerpts.', '', '', 'publish', 'open', 'open', '', '1120', '', '', '2014-09-02 01:22:23', '2014-09-02 01:22:23', '', 0, 'http://np2:8888/?p=1120', 15, 'nav_menu_item', '', 0),
(1121, 1, '2014-09-02 01:20:47', '2014-09-02 01:20:47', 'Posts in this category test featured images.', '', '', 'publish', 'open', 'open', '', '1121', '', '', '2014-09-02 01:22:23', '2014-09-02 01:22:23', '', 0, 'http://np2:8888/?p=1121', 16, 'nav_menu_item', '', 0),
(1122, 1, '2014-09-02 01:20:47', '2014-09-02 01:20:47', 'Posts in this category test various formatting scenarios.', '', '', 'publish', 'open', 'open', '', '1122', '', '', '2014-09-02 01:22:23', '2014-09-02 01:22:23', '', 0, 'http://np2:8888/?p=1122', 17, 'nav_menu_item', '', 0),
(1123, 1, '2014-09-02 01:20:47', '2014-09-02 01:20:47', 'Posts in this category test images in various ways.', '', '', 'publish', 'open', 'open', '', '1123', '', '', '2014-09-02 01:22:23', '2014-09-02 01:22:23', '', 0, 'http://np2:8888/?p=1123', 18, 'nav_menu_item', '', 0),
(1124, 1, '2014-09-02 01:20:47', '2014-09-02 01:20:47', 'Posts in this category test Jetpack features.', '', '', 'publish', 'open', 'open', '', '1124', '', '', '2014-09-02 01:22:23', '2014-09-02 01:22:23', '', 0, 'http://np2:8888/?p=1124', 19, 'nav_menu_item', '', 0),
(1125, 1, '2014-09-02 01:20:47', '2014-09-02 01:20:47', 'Posts in this category test various list scenarios.', '', '', 'publish', 'open', 'open', '', '1125', '', '', '2014-09-02 01:22:23', '2014-09-02 01:22:23', '', 0, 'http://np2:8888/?p=1125', 20, 'nav_menu_item', '', 0),
(1126, 1, '2014-09-02 01:20:47', '2014-09-02 01:20:47', 'Posts in this category test markup tags and styles.', '', '', 'publish', 'open', 'open', '', '1126', '', '', '2014-09-02 01:22:23', '2014-09-02 01:22:23', '', 0, 'http://np2:8888/?p=1126', 21, 'nav_menu_item', '', 0),
(1127, 1, '2014-09-02 01:20:47', '2014-09-02 01:20:47', 'Posts in this category test the more tag feature.', '', '', 'publish', 'open', 'open', '', '1127', '', '', '2014-09-02 01:22:23', '2014-09-02 01:22:23', '', 0, 'http://np2:8888/?p=1127', 22, 'nav_menu_item', '', 0),
(1128, 1, '2014-09-02 01:20:47', '2014-09-02 01:20:47', 'Posts in this category test the post password feature.', '', '', 'publish', 'open', 'open', '', '1128', '', '', '2014-09-02 01:22:23', '2014-09-02 01:22:23', '', 0, 'http://np2:8888/?p=1128', 23, 'nav_menu_item', '', 0),
(1129, 1, '2014-09-02 01:20:47', '2014-09-02 01:20:47', 'Posts in this category test post formats.', '', '', 'publish', 'open', 'open', '', '1129', '', '', '2014-09-02 01:22:23', '2014-09-02 01:22:23', '', 0, 'http://np2:8888/?p=1129', 24, 'nav_menu_item', '', 0),
(1130, 1, '2014-09-02 01:20:47', '2014-09-02 01:20:47', 'Posts in this category test various shortcodes.', '', '', 'publish', 'open', 'open', '', '1130', '', '', '2014-09-02 01:22:23', '2014-09-02 01:22:23', '', 0, 'http://np2:8888/?p=1130', 25, 'nav_menu_item', '', 0),
(1131, 1, '2014-09-02 01:20:47', '2014-09-02 01:20:47', 'Posts in this category test post title scenarios.', '', '', 'publish', 'open', 'open', '', '1131', '', '', '2014-09-02 01:22:23', '2014-09-02 01:22:23', '', 0, 'http://np2:8888/?p=1131', 27, 'nav_menu_item', '', 0),
(1132, 1, '2014-09-02 01:20:47', '2014-09-02 01:20:47', 'Posts in this category test unpublished posts.', '', '', 'publish', 'open', 'open', '', '1132', '', '', '2014-09-02 01:22:23', '2014-09-02 01:22:23', '', 0, 'http://np2:8888/?p=1132', 28, 'nav_menu_item', '', 0),
(1133, 1, '2014-09-02 01:20:47', '2014-09-02 01:20:47', '', 'Depth', '', 'publish', 'open', 'open', '', 'depth', '', '', '2014-09-02 01:22:23', '2014-09-02 01:22:23', '', 0, 'http://np2:8888/?p=1133', 29, 'nav_menu_item', '', 0),
(1134, 1, '2014-09-02 01:20:48', '2014-09-02 01:20:48', '', 'Level 01', '', 'publish', 'open', 'open', '', 'level-01', '', '', '2014-09-02 01:22:23', '2014-09-02 01:22:23', '', 0, 'http://np2:8888/?p=1134', 30, 'nav_menu_item', '', 0),
(1135, 1, '2014-09-02 01:20:48', '2014-09-02 01:20:48', '', 'Level 02', '', 'publish', 'open', 'open', '', 'level-02', '', '', '2014-09-02 01:22:23', '2014-09-02 01:22:23', '', 0, 'http://np2:8888/?p=1135', 31, 'nav_menu_item', '', 0),
(1136, 1, '2014-09-02 01:20:48', '2014-09-02 01:20:48', '', 'Level 03', '', 'publish', 'open', 'open', '', 'level-03', '', '', '2014-09-02 01:22:23', '2014-09-02 01:22:23', '', 0, 'http://np2:8888/?p=1136', 32, 'nav_menu_item', '', 0),
(1137, 1, '2014-09-02 01:20:48', '2014-09-02 01:20:48', '', 'Level 04', '', 'publish', 'open', 'open', '', 'level-04', '', '', '2014-09-02 01:22:23', '2014-09-02 01:22:23', '', 0, 'http://np2:8888/?p=1137', 33, 'nav_menu_item', '', 0),
(1138, 1, '2014-09-02 01:20:48', '2014-09-02 01:20:48', '', 'Level 05', '', 'publish', 'open', 'open', '', 'level-05', '', '', '2014-09-02 01:22:23', '2014-09-02 01:22:23', '', 0, 'http://np2:8888/?p=1138', 34, 'nav_menu_item', '', 0),
(1139, 1, '2014-09-02 01:20:48', '2014-09-02 01:20:48', '', 'Level 06', '', 'publish', 'open', 'open', '', 'level-06', '', '', '2014-09-02 01:22:23', '2014-09-02 01:22:23', '', 0, 'http://np2:8888/?p=1139', 35, 'nav_menu_item', '', 0),
(1140, 1, '2014-09-02 01:20:48', '2014-09-02 01:20:48', '', 'Level 07', '', 'publish', 'open', 'open', '', 'level-07', '', '', '2014-09-02 01:22:23', '2014-09-02 01:22:23', '', 0, 'http://np2:8888/?p=1140', 36, 'nav_menu_item', '', 0),
(1141, 1, '2014-09-02 01:20:48', '2014-09-02 01:20:48', '', 'Level 08', '', 'publish', 'open', 'open', '', 'level-08', '', '', '2014-09-02 01:22:23', '2014-09-02 01:22:23', '', 0, 'http://np2:8888/?p=1141', 37, 'nav_menu_item', '', 0),
(1142, 1, '2014-09-02 01:20:48', '2014-09-02 01:20:48', '', 'Level 09', '', 'publish', 'open', 'open', '', 'level-09', '', '', '2014-09-02 01:22:23', '2014-09-02 01:22:23', '', 0, 'http://np2:8888/?p=1142', 38, 'nav_menu_item', '', 0),
(1143, 1, '2014-09-02 01:20:48', '2014-09-02 01:20:48', '', 'Level 10', '', 'publish', 'open', 'open', '', 'level-10', '', '', '2014-09-02 01:22:23', '2014-09-02 01:22:23', '', 0, 'http://np2:8888/?p=1143', 39, 'nav_menu_item', '', 0),
(1144, 1, '2014-09-02 01:20:48', '2014-09-02 01:20:48', '', 'Advanced', '', 'publish', 'open', 'open', '', 'advanced', '', '', '2014-09-02 01:22:23', '2014-09-02 01:22:23', '', 0, 'http://np2:8888/?p=1144', 40, 'nav_menu_item', '', 0),
(1145, 2, '2013-03-15 18:15:14', '2013-03-15 23:15:14', 'This page has its comments, pingbacks, and trackbacks disabled.\n\nThere should be no comment reply form or any pingbacks and trackbacks listed.', 'Page Comments Disabled', '', 'publish', 'closed', 'closed', '', 'page-comments-disabled', '', '', '2013-03-15 18:15:14', '2013-03-15 23:15:14', '', 0, 'http://wptest.io/demo/?page_id=1075', 0, 'page', '', 0),
(1146, 2, '2013-03-15 18:16:08', '2013-03-15 23:16:08', 'This post has its comments, pingbacks, and trackbacks enabled.\n\nIf your theme support comments on pages, then they should show up below.', 'Page Comments', '', 'publish', 'open', 'open', '', 'page-comments', '', '', '2013-03-15 18:16:08', '2013-03-15 23:16:08', '', 0, 'http://wptest.io/demo/?page_id=1077', 0, 'page', '', 1),
(1147, 2, '2013-03-15 18:19:23', '2013-03-15 23:19:23', '<span style="line-height: 1.714285714; font-size: 1rem;">Welcome to image alignment! The best way to demonstrate the ebb and flow of the various image positioning options is to nestle them snuggly among an ocean of words. Grab a paddle and let\'s get started.</span>\n\nOn the topic of alignment, it should be noted that users can choose from the options of <em>None</em>, <em>Left</em>, <em>Right, </em>and <em>Center</em>. In addition, they also get the options of <em>Thumbnail</em>, <em>Medium</em>, <em>Large</em> &amp; <em>Fullsize</em>.\n<p style="text-align: center;"><img class="size-full wp-image-906 aligncenter" title="Image Alignment 580x300" alt="Image Alignment 580x300" src="http://np2:8888/wp-content/uploads/2013/03/image-alignment-580x300.jpg" width="580" height="300" /></p>\nThe image above happens to be <em><strong>centered</strong></em>.\n\n<strong><img class="size-full wp-image-904 alignleft" title="Image Alignment 150x150" alt="Image Alignment 150x150" src="http://np2:8888/wp-content/uploads/2013/03/image-alignment-150x150.jpg" width="150" height="150" /></strong>The rest of this paragraph is filler for the sake of seeing the text wrap around the 150x150 image, which is <em><strong>left aligned</strong></em>. <strong></strong>\n\nAs you can see the should be some space above, below, and to the right of the image. The text should not be creeping on the image. Creeping is just not right. Images need breathing room too. Let them speak like you words. Let them do their jobs without any hassle from the text. In about one more sentence here, we\'ll see that the text moves from the right of the image down below the image in seamless transition. Again, letting the do it\'s thang. Mission accomplished!\n\nAnd now for a <em><strong>massively large image</strong></em>. It also has <em><strong>no alignment</strong></em>.\n\n<img class="alignnone  wp-image-907" title="Image Alignment 1200x400" alt="Image Alignment 1200x400" src="http://np2:8888/wp-content/uploads/2013/03/image-alignment-1200x4002.jpg" width="1200" height="400" />\n\nThe image above, though 1200px wide, should not overflow the content area. It should remain contained with no visible disruption to the flow of content.\n\n<img class="size-full wp-image-905 alignright" title="Image Alignment 300x200" alt="Image Alignment 300x200" src="http://np2:8888/wp-content/uploads/2013/03/image-alignment-300x200.jpg" width="300" height="200" />\n\nAnd now we\'re going to shift things to the <em><strong>right align</strong></em>. Again, there should be plenty of room above, below, and to the left of the image. Just look at him there... Hey guy! Way to rock that right side. I don\'t care what the left aligned image says, you look great. Don\'t let anyone else tell you differently.\n\nIn just a bit here, you should see the text start to wrap below the right aligned image and settle in nicely. There should still be plenty of room and everything should be sitting pretty. Yeah... Just like that. It never felt so good to be right.\n\nAnd just when you thought we were done, we\'re going to do them all over again with captions!\n\n[caption id="attachment_906" align="aligncenter" width="580"]<img class="size-full wp-image-906  " title="Image Alignment 580x300" alt="Image Alignment 580x300" src="http://np2:8888/wp-content/uploads/2013/03/image-alignment-580x300.jpg" width="580" height="300" /> Look at 580x300 getting some <a title="Image Settings" href="http://en.support.wordpress.com/images/image-settings/">caption</a> love.[/caption]\n\nThe image above happens to be <em><strong>centered</strong></em>. The caption also has a link in it, just to see if it does anything funky.\n\n[caption id="attachment_904" align="alignleft" width="150"]<img class="size-full wp-image-904  " title="Image Alignment 150x150" alt="Image Alignment 150x150" src="http://np2:8888/wp-content/uploads/2013/03/image-alignment-150x150.jpg" width="150" height="150" /> Itty-bitty caption.[/caption]\n\n<strong></strong>The rest of this paragraph is filler for the sake of seeing the text wrap around the 150x150 image, which is <em><strong>left aligned</strong></em>. <strong></strong>\n\nAs you can see the should be some space above, below, and to the right of the image. The text should not be creeping on the image. Creeping is just not right. Images need breathing room too. Let them speak like you words. Let them do their jobs without any hassle from the text. In about one more sentence here, we\'ll see that the text moves from the right of the image down below the image in seamless transition. Again, letting the do it\'s thang. Mission accomplished!\n\nAnd now for a <em><strong>massively large image</strong></em>. It also has <em><strong>no alignment</strong></em>.\n\n[caption id="attachment_907" align="alignnone" width="1200"]<img class=" wp-image-907" title="Image Alignment 1200x400" alt="Image Alignment 1200x400" src="http://np2:8888/wp-content/uploads/2013/03/image-alignment-1200x4002.jpg" width="1200" height="400" /> Massive image comment for your eyeballs.[/caption]\n\nThe image above, though 1200px wide, should not overflow the content area. It should remain contained with no visible disruption to the flow of content.\n\n[caption id="attachment_905" align="alignright" width="300"]<img class="size-full wp-image-905 " title="Image Alignment 300x200" alt="Image Alignment 300x200" src="http://np2:8888/wp-content/uploads/2013/03/image-alignment-300x200.jpg" width="300" height="200" /> Feels good to be right all the time.[/caption]\n\nAnd now we\'re going to shift things to the <em><strong>right align</strong></em>. Again, there should be plenty of room above, below, and to the left of the image. Just look at him there... Hey guy! Way to rock that right side. I don\'t care what the left aligned image says, you look great. Don\'t let anyone else tell you differently.\n\nIn just a bit here, you should see the text start to wrap below the right aligned image and settle in nicely. There should still be plenty of room and everything should be sitting pretty. Yeah... Just like that. It never felt so good to be right.\n\nAnd that\'s a wrap, yo! You survived the tumultuous waters of alignment. Image alignment achievement unlocked!', 'Page Image Alignment', '', 'publish', 'open', 'open', '', 'page-image-alignment', '', '', '2013-03-15 18:19:23', '2013-03-15 23:19:23', '', 0, 'http://wptest.io/demo/?page_id=1080', 0, 'page', '', 0),
(1148, 2, '2013-03-15 18:20:05', '2013-03-15 23:20:05', '<h2>Headings</h2>\n<h1>Header one</h1>\n<h2>Header two</h2>\n<h3>Header three</h3>\n<h4>Header four</h4>\n<h5>Header five</h5>\n<h6>Header six</h6>\n<h2>Blockquotes</h2>\nSingle line blockquote:\n<blockquote>Stay hungry. Stay foolish.</blockquote>\nMulti line blockquote with a cite reference:\n<blockquote>People think focus means saying yes to the thing you\'ve got to focus on. But that\'s not what it means at all. It means saying no to the hundred other good ideas that there are. You have to pick carefully. I\'m actually as proud of the things we haven\'t done as the things I have done. Innovation is saying no to 1,000 things. <cite>Steve Jobs - Apple Worldwide Developers\' Conference, 1997</cite></blockquote>\n<h2>Tables</h2>\n<table>\n<tbody>\n<tr>\n<th>Employee</th>\n<th class="views">Salary</th>\n<th></th>\n</tr>\n<tr class="odd">\n<td><a href="http://john.do/">John Saddington</a></td>\n<td>$1</td>\n<td>Because that\'s all Steve Job\' needed for a salary.</td>\n</tr>\n<tr class="even">\n<td><a href="http://tommcfarlin.com/">Tom McFarlin</a></td>\n<td>$100K</td>\n<td>For all the blogging he does.</td>\n</tr>\n<tr class="odd">\n<td><a href="http://jarederickson.com/">Jared Erickson</a></td>\n<td>$100M</td>\n<td>Pictures are worth a thousand words, right? So Tom x 1,000.</td>\n</tr>\n<tr class="even">\n<td><a href="http://chrisam.es/">Chris Ames</a></td>\n<td>$100B</td>\n<td>With hair like that?! Enough said...</td>\n</tr>\n</tbody>\n</table>\n<h2>Definition Lists</h2>\n<dl><dt>Definition List Title</dt><dd>Definition list division.</dd><dt>Startup</dt><dd>A startup company or startup is a company or temporary organization designed to search for a repeatable and scalable business model.</dd><dt>#dowork</dt><dd>Coined by Rob Dyrdek and his personal body guard Christopher "Big Black" Boykins, "Do Work" works as a self motivator, to motivating your friends.</dd><dt>Do It Live</dt><dd>I\'ll let Bill O\'Reilly will <a title="We\'ll Do It Live" href="https://www.youtube.com/watch?v=O_HyZ5aW76c">explain</a> this one.</dd></dl>\n<h2>Unordered Lists (Nested)</h2>\n<ul>\n	<li>List item one\n<ul>\n	<li>List item one\n<ul>\n	<li>List item one</li>\n	<li>List item two</li>\n	<li>List item three</li>\n	<li>List item four</li>\n</ul>\n</li>\n	<li>List item two</li>\n	<li>List item three</li>\n	<li>List item four</li>\n</ul>\n</li>\n	<li>List item two</li>\n	<li>List item three</li>\n	<li>List item four</li>\n</ul>\n<h2>Ordered List (Nested)</h2>\n<ol>\n	<li>List item one\n<ol>\n	<li>List item one\n<ol>\n	<li>List item one</li>\n	<li>List item two</li>\n	<li>List item three</li>\n	<li>List item four</li>\n</ol>\n</li>\n	<li>List item two</li>\n	<li>List item three</li>\n	<li>List item four</li>\n</ol>\n</li>\n	<li>List item two</li>\n	<li>List item three</li>\n	<li>List item four</li>\n</ol>\n<h2>HTML Tags</h2>\nThese supported tags come from the WordPress.com code <a title="Code" href="http://en.support.wordpress.com/code/">FAQ</a>.\n\n<strong>Address Tag</strong>\n\n<address>1 Infinite Loop\nCupertino, CA 95014\nUnited States</address><strong>Anchor Tag (aka. Link)</strong>\n\nThis is an example of a <a title="Apple" href="http://apple.com">link</a>.\n\n<strong>Abbreviation Tag</strong>\n\nThe abbreviation <abbr title="Seriously">srsly</abbr> stands for "seriously".\n\n<strong>Acronym Tag</strong>\n\nThe acronym <acronym title="For The Win">ftw</acronym> stands for "for the win".\n\n<strong>Big Tag</strong>\n\nThese tests are a <big>big</big> deal, but this tag is no longer supported in HTML5.\n\n<strong>Cite Tag</strong>\n\n"Code is poetry." --<cite>Automattic</cite>\n\n<strong>Code Tag</strong>\n\nYou will learn later on in these tests that <code>word-wrap: break-word;</code> will be your best friend.\n\n<strong>Delete Tag</strong>\n\nThis tag will let you <del>strikeout text</del>, but this tag is no longer supported in HTML5 (use the <code>&lt;strike&gt;</code> instead).\n\n<strong>Emphasize Tag</strong>\n\nThe emphasize tag should <em>italicize</em> text.\n\n<strong>Insert Tag</strong>\n\nThis tag should denote <ins>inserted</ins> text.\n\n<strong>Keyboard Tag</strong>\n\nThis scarsly known tag emulates <kbd>keyboard text</kbd>, which is usually styled like the <code>&lt;code&gt;</code> tag.\n\n<strong>Preformatted Tag</strong>\n\nThis tag styles large blocks of code.\n<pre>.post-title {\n	margin: 0 0 5px;\n	font-weight: bold;\n	font-size: 38px;\n	line-height: 1.2;\n}</pre>\n<strong>Quote Tag</strong>\n\n<q>Developers, developers, developers...</q> --Steve Ballmer\n\n<strong>Strong Tag</strong>\n\nThis tag shows <strong>bold<strong> text.</strong></strong>\n\n<strong>Subscript Tag</strong>\n\nGetting our science styling on with H<sub>2</sub>O, which should push the "2" down.\n\n<strong>Superscript Tag</strong>\n\nStill sticking with science and Isaac Newton\'s E = MC<sup>2</sup>, which should lift the 2 up.\n\n<strong>Teletype Tag</strong>\n\nThis rarely used tag emulates <tt>teletype text</tt>, which is usually styled like the <code>&lt;code&gt;</code> tag.\n\n<strong>Variable Tag</strong>\n\nThis allows you to denote <var>variables</var>.', 'Page Markup And Formatting', '', 'publish', 'open', 'open', '', 'page-markup-and-formatting', '', '', '2013-03-15 18:20:05', '2013-03-15 23:20:05', '', 0, 'http://wptest.io/demo/?page_id=1083', 0, 'page', '', 0),
(1149, 2, '2013-03-15 18:21:12', '2013-03-15 23:21:12', '<a title="WP Test - The Best Tests For WordPress" href="http://wptest.io" target="_blank">WP Test</a> is a fantastically exhaustive set of test data to measure the integrity of your plugins and themes.\n\nThe foundation of these tests are derived from <a title="Theme Unit Test" href="http://codex.wordpress.org/Theme_Unit_Test" target="_blank">WordPress’ Theme Unit Test Codex</a> data. It’s paired with lessons learned from over three years of theme and plugin support, and baffling corner cases, to create a potent cocktail of simulated, quirky user content.\n\nThe word "comprehensive" was purposely left off this description. It\'s not. There will always be something new squarely scenario to test. That\'s where you come in. <a title="Contact" href="http://wptest.io/contact/">Let us know</a> of a test we\'re not covering. We\'d love to squash it.\n\nLet’s make WordPress testing easier and resilient together.', 'About', '', 'publish', 'open', 'open', '', 'about', '', '', '2013-03-15 18:21:12', '2013-03-15 23:21:12', '', 0, 'http://wptest.io/demo/?page_id=1086', 0, 'page', '', 0),
(1150, 2, '2013-03-15 18:24:09', '2013-03-15 23:24:09', 'This page the a parent page.\n\nIt contains child pages.', 'Parent Page', '', 'publish', 'open', 'open', '', 'parent-page', '', '', '2013-03-15 18:24:09', '2013-03-15 23:24:09', '', 0, 'http://wptest.io/demo/?page_id=1088', 0, 'page', '', 0),
(1151, 2, '2013-03-15 18:25:40', '2013-03-15 23:25:40', 'This is a child page.', 'Child Page 01', '', 'publish', 'open', 'open', '', 'child-page-01', '', '', '2013-03-15 18:25:40', '2013-03-15 23:25:40', '', 1150, 'http://wptest.io/demo/?page_id=1090', 0, 'page', '', 0),
(1152, 2, '2013-03-15 18:25:51', '2013-03-15 23:25:51', 'This is a child page.', 'Child Page 02', '', 'publish', 'open', 'closed', '', 'child-page-02', '', '', '2013-03-15 18:25:51', '2013-03-15 23:25:51', '', 1150, 'http://wptest.io/demo/?page_id=1092', 0, 'page', '', 0),
(1153, 2, '2013-03-15 18:26:23', '2013-03-15 23:26:23', 'This is a child page.\n\nAnd, just for fun, it also contains a child page (aka. a grandchild page).', 'Child Page 03', '', 'publish', 'open', 'closed', '', 'child-page-03', '', '', '2013-03-15 18:26:23', '2013-03-15 23:26:23', '', 1150, 'http://wptest.io/demo/?page_id=1094', 0, 'page', '', 0),
(1154, 2, '2013-03-15 18:26:40', '2013-03-15 23:26:40', 'This is a child page.', 'Child Page 04', '', 'publish', 'open', 'open', '', 'child-page-04', '', '', '2013-03-15 18:26:40', '2013-03-15 23:26:40', '', 1150, 'http://wptest.io/demo/?page_id=1096', 0, 'page', '', 0),
(1155, 2, '2013-03-15 18:27:40', '2013-03-15 23:27:40', 'This is a child page.', 'Child Page 05', '', 'publish', 'open', 'open', '', 'child-page-05', '', '', '2013-03-15 18:27:40', '2013-03-15 23:27:40', '', 1150, 'http://wptest.io/demo/?page_id=1098', 0, 'page', '', 0),
(1156, 1, '2014-09-02 01:20:48', '2014-09-02 01:20:48', 'Custom Menu Description', 'Menu Description', '', 'publish', 'open', 'open', '', 'menu-description', '', '', '2014-09-02 01:22:23', '2014-09-02 01:22:23', '', 0, 'http://np2:8888/?p=1156', 44, 'nav_menu_item', '', 0),
(1157, 1, '2014-09-02 01:20:48', '2014-09-02 01:20:48', '', 'Menu Title Attribute', 'Custom Title Attribute', 'publish', 'open', 'open', '', 'menu-title-attribute', '', '', '2014-09-02 01:22:23', '2014-09-02 01:22:23', '', 0, 'http://np2:8888/?p=1157', 41, 'nav_menu_item', '', 0),
(1158, 1, '2014-09-02 01:20:48', '2014-09-02 01:20:48', '', 'Menu CSS Class', '', 'publish', 'open', 'open', '', 'menu-css-class', '', '', '2014-09-02 01:22:23', '2014-09-02 01:22:23', '', 0, 'http://np2:8888/?p=1158', 42, 'nav_menu_item', '', 0),
(1159, 1, '2014-09-02 01:20:48', '2014-09-02 01:20:48', '', 'New Window / Tab', '', 'publish', 'open', 'open', '', 'new-window-tab', '', '', '2014-09-02 01:22:23', '2014-09-02 01:22:23', '', 0, 'http://np2:8888/?p=1159', 43, 'nav_menu_item', '', 0),
(1160, 1, '2014-09-02 01:20:48', '2014-09-02 01:20:48', ' ', '', '', 'publish', 'open', 'open', '', '1160', '', '', '2014-09-02 01:20:48', '2014-09-02 01:20:48', '', 0, 'http://np2:8888/?p=1160', 58, 'nav_menu_item', '', 0),
(1161, 1, '2014-09-02 01:20:48', '2014-09-02 01:20:48', ' ', '', '', 'publish', 'open', 'open', '', '1161', '', '', '2014-09-02 01:22:23', '2014-09-02 01:22:23', '', 0, 'http://np2:8888/?p=1161', 26, 'nav_menu_item', '', 0),
(1162, 2, '2013-03-15 18:28:48', '2013-03-15 23:28:48', 'This is a grandchild page.', 'Grandchild Page', '', 'publish', 'open', 'open', '', 'grandchild-page', '', '', '2013-03-15 18:28:48', '2013-03-15 23:28:48', '', 1153, 'http://wptest.io/demo/?page_id=1102', 0, 'page', '', 0),
(1241, 2, '2013-01-07 07:07:21', '2013-01-07 13:07:21', 'This is a sticky post.\n\nThere are a few things to verify:\n<ul>\n	<li>The sticky post should be distinctly recognizable in some way in comparison to normal posts. You can style the <code>.sticky</code> class if you are using the <a title="WordPress Codex post_class() Function" href="http://codex.wordpress.org/Function_Reference/post_class" target="_blank">post_class()</a> function to generate your post classes, which is a best practice.</li>\n	<li>They should show at the very top of the blog index page, even though they could be several posts back chronologically.</li>\n	<li>They should still show up again in their chronologically correct postion in time, but without the sticky indicator.</li>\n	<li>If you have a plugin or widget that lists popular posts or comments, make sure that this sticky post is not always at the top of those lists unless it really is popular.</li>\n</ul>', 'Sticky', '', 'publish', 'open', 'open', '', 'sticky', '', '', '2013-01-07 07:07:21', '2013-01-07 13:07:21', '', 0, 'http://wptest.io/demo/?p=1241', 0, 'post', '', 0),
(1242, 1, '2014-09-02 01:20:49', '2014-09-02 01:20:49', ' ', '', '', 'publish', 'open', 'open', '', '1242', '', '', '2014-09-02 01:20:49', '2014-09-02 01:20:49', '', 0, 'http://np2:8888/?p=1242', 2, 'nav_menu_item', '', 0),
(1243, 1, '2014-09-02 01:20:49', '2014-09-02 01:20:49', ' ', '', '', 'publish', 'open', 'open', '', '1243', '', '', '2014-09-02 01:20:49', '2014-09-02 01:20:49', '', 0, 'http://np2:8888/?p=1243', 3, 'nav_menu_item', '', 0),
(1244, 1, '2014-09-02 01:20:49', '2014-09-02 01:20:49', ' ', '', '', 'publish', 'open', 'open', '', '1244', '', '', '2014-09-02 01:20:49', '2014-09-02 01:20:49', '', 0, 'http://np2:8888/?p=1244', 4, 'nav_menu_item', '', 0),
(1245, 1, '2014-09-02 01:20:49', '2014-09-02 01:20:49', ' ', '', '', 'publish', 'open', 'open', '', '1245', '', '', '2014-09-02 01:20:49', '2014-09-02 01:20:49', '', 0, 'http://np2:8888/?p=1245', 5, 'nav_menu_item', '', 0),
(1246, 1, '2014-09-02 01:20:49', '2014-09-02 01:20:49', ' ', '', '', 'publish', 'open', 'open', '', '1246', '', '', '2014-09-02 01:20:49', '2014-09-02 01:20:49', '', 0, 'http://np2:8888/?p=1246', 6, 'nav_menu_item', '', 0),
(1247, 1, '2014-09-02 01:20:49', '2014-09-02 01:20:49', ' ', '', '', 'publish', 'open', 'open', '', '1247', '', '', '2014-09-02 01:20:49', '2014-09-02 01:20:49', '', 0, 'http://np2:8888/?p=1247', 7, 'nav_menu_item', '', 0),
(1248, 1, '2014-09-02 01:20:49', '2014-09-02 01:20:49', ' ', '', '', 'publish', 'open', 'open', '', '1248', '', '', '2014-09-02 01:20:49', '2014-09-02 01:20:49', '', 0, 'http://np2:8888/?p=1248', 8, 'nav_menu_item', '', 0),
(1249, 1, '2014-09-02 01:20:49', '2014-09-02 01:20:49', ' ', '', '', 'publish', 'open', 'open', '', '1249', '', '', '2014-09-02 01:20:49', '2014-09-02 01:20:49', '', 0, 'http://np2:8888/?p=1249', 9, 'nav_menu_item', '', 0),
(1250, 1, '2014-09-02 01:20:49', '2014-09-02 01:20:49', ' ', '', '', 'publish', 'open', 'open', '', '1250', '', '', '2014-09-02 01:20:49', '2014-09-02 01:20:49', '', 0, 'http://np2:8888/?p=1250', 10, 'nav_menu_item', '', 0),
(1251, 1, '2014-09-02 01:20:49', '2014-09-02 01:20:49', ' ', '', '', 'publish', 'open', 'open', '', '1251', '', '', '2014-09-02 01:20:49', '2014-09-02 01:20:49', '', 1150, 'http://np2:8888/?p=1251', 11, 'nav_menu_item', '', 0),
(1252, 1, '2014-09-02 01:20:49', '2014-09-02 01:20:49', ' ', '', '', 'publish', 'open', 'open', '', '1252', '', '', '2014-09-02 01:20:49', '2014-09-02 01:20:49', '', 1150, 'http://np2:8888/?p=1252', 12, 'nav_menu_item', '', 0),
(1253, 1, '2014-09-02 01:20:49', '2014-09-02 01:20:49', ' ', '', '', 'publish', 'open', 'open', '', '1253', '', '', '2014-09-02 01:20:49', '2014-09-02 01:20:49', '', 1150, 'http://np2:8888/?p=1253', 13, 'nav_menu_item', '', 0),
(1254, 1, '2014-09-02 01:20:49', '2014-09-02 01:20:49', ' ', '', '', 'publish', 'open', 'open', '', '1254', '', '', '2014-09-02 01:20:49', '2014-09-02 01:20:49', '', 1153, 'http://np2:8888/?p=1254', 14, 'nav_menu_item', '', 0),
(1255, 1, '2014-09-02 01:20:49', '2014-09-02 01:20:49', ' ', '', '', 'publish', 'open', 'open', '', '1255', '', '', '2014-09-02 01:20:49', '2014-09-02 01:20:49', '', 1150, 'http://np2:8888/?p=1255', 15, 'nav_menu_item', '', 0),
(1256, 1, '2014-09-02 01:20:49', '2014-09-02 01:20:49', ' ', '', '', 'publish', 'open', 'open', '', '1256', '', '', '2014-09-02 01:20:49', '2014-09-02 01:20:49', '', 1150, 'http://np2:8888/?p=1256', 16, 'nav_menu_item', '', 0),
(1257, 1, '2014-09-02 01:20:49', '2014-09-02 01:20:49', ' ', '', '', 'publish', 'open', 'open', '', '1257', '', '', '2014-09-02 01:22:23', '2014-09-02 01:22:23', '', 0, 'http://np2:8888/?p=1257', 1, 'nav_menu_item', '', 0),
(1258, 1, '2014-09-02 01:20:50', '2014-09-02 01:20:50', ' ', '', '', 'publish', 'open', 'open', '', '1258', '', '', '2014-09-02 01:22:23', '2014-09-02 01:22:23', '', 0, 'http://np2:8888/?p=1258', 3, 'nav_menu_item', '', 0),
(1259, 1, '2014-09-02 01:20:50', '2014-09-02 01:20:50', ' ', '', '', 'publish', 'open', 'open', '', '1259', '', '', '2014-09-02 01:22:23', '2014-09-02 01:22:23', '', 0, 'http://np2:8888/?p=1259', 4, 'nav_menu_item', '', 0),
(1260, 1, '2014-09-02 01:20:50', '2014-09-02 01:20:50', ' ', '', '', 'publish', 'open', 'open', '', '1260', '', '', '2014-09-02 01:22:23', '2014-09-02 01:22:23', '', 0, 'http://np2:8888/?p=1260', 5, 'nav_menu_item', '', 0),
(1261, 1, '2014-09-02 01:20:50', '2014-09-02 01:20:50', ' ', '', '', 'publish', 'open', 'open', '', '1261', '', '', '2014-09-02 01:22:23', '2014-09-02 01:22:23', '', 0, 'http://np2:8888/?p=1261', 6, 'nav_menu_item', '', 0),
(1262, 1, '2014-09-02 01:20:50', '2014-09-02 01:20:50', ' ', '', '', 'publish', 'open', 'open', '', '1262', '', '', '2014-09-02 01:22:23', '2014-09-02 01:22:23', '', 0, 'http://np2:8888/?p=1262', 7, 'nav_menu_item', '', 0) ;
INSERT INTO `wp_np2posts` ( `ID`, `post_author`, `post_date`, `post_date_gmt`, `post_content`, `post_title`, `post_excerpt`, `post_status`, `comment_status`, `ping_status`, `post_password`, `post_name`, `to_ping`, `pinged`, `post_modified`, `post_modified_gmt`, `post_content_filtered`, `post_parent`, `guid`, `menu_order`, `post_type`, `post_mime_type`, `comment_count`) VALUES
(1263, 1, '2014-09-02 01:20:50', '2014-09-02 01:20:50', ' ', '', '', 'publish', 'open', 'open', '', '1263', '', '', '2014-09-02 01:22:23', '2014-09-02 01:22:23', '', 0, 'http://np2:8888/?p=1263', 8, 'nav_menu_item', '', 0),
(1264, 1, '2014-09-02 01:20:50', '2014-09-02 01:20:50', ' ', '', '', 'publish', 'open', 'open', '', '1264', '', '', '2014-09-02 01:22:23', '2014-09-02 01:22:23', '', 0, 'http://np2:8888/?p=1264', 9, 'nav_menu_item', '', 0),
(1265, 1, '2014-09-02 01:23:13', '2014-09-02 01:23:13', ' ', '', '', 'publish', 'open', 'open', '', '1265', '', '', '2014-09-22 02:23:45', '2014-09-22 02:23:45', '', 0, 'http://np2:8888/?p=1265', 2, 'nav_menu_item', '', 0),
(1266, 1, '2014-09-02 01:23:13', '2014-09-02 01:23:13', 'Posts in this category test post formats.', '', '', 'publish', 'open', 'open', '', '1266', '', '', '2014-09-22 02:23:45', '2014-09-22 02:23:45', '', 0, 'http://np2:8888/?p=1266', 3, 'nav_menu_item', '', 0),
(1267, 1, '2014-09-02 01:23:13', '2014-09-02 01:23:13', 'Posts in this category test odd corner cases, using uncovered by rare user workflows.', '', '', 'publish', 'open', 'open', '', '1267', '', '', '2014-09-22 02:23:45', '2014-09-22 02:23:45', '', 0, 'http://np2:8888/?p=1267', 5, 'nav_menu_item', '', 0),
(1268, 1, '2014-09-02 01:23:13', '2014-09-02 01:23:13', ' ', '', '', 'publish', 'open', 'open', '', '1268', '', '', '2014-09-22 02:23:45', '2014-09-22 02:23:45', '', 0, 'http://np2:8888/?p=1268', 1, 'nav_menu_item', '', 0),
(1269, 1, '2014-09-02 01:23:13', '2014-09-02 01:23:13', ' ', '', '', 'publish', 'open', 'open', '', '1269', '', '', '2014-09-22 02:23:45', '2014-09-22 02:23:45', '', 0, 'http://np2:8888/?p=1269', 8, 'nav_menu_item', '', 0),
(1270, 1, '2014-09-22 02:23:45', '2014-09-22 02:23:45', 'Posts in this category test post content.', '', '', 'publish', 'open', 'open', '', '1270', '', '', '2014-09-22 02:23:45', '2014-09-22 02:23:45', '', 0, 'http://np:8888/?p=1270', 4, 'nav_menu_item', '', 0),
(1271, 1, '2014-09-22 02:23:45', '2014-09-22 02:23:45', 'Posts in this category test pingbacks.', '', '', 'publish', 'open', 'open', '', '1271', '', '', '2014-09-22 02:23:45', '2014-09-22 02:23:45', '', 0, 'http://np:8888/?p=1271', 6, 'nav_menu_item', '', 0),
(1272, 1, '2014-09-22 02:23:45', '2014-09-22 02:23:45', 'Posts in this category test image and text alignment.', '', '', 'publish', 'open', 'open', '', '1272', '', '', '2014-09-22 02:23:45', '2014-09-22 02:23:45', '', 0, 'http://np:8888/?p=1272', 7, 'nav_menu_item', '', 0) ;

#
# End of data contents of table `wp_np2posts`
# --------------------------------------------------------



#
# Delete any existing table `wp_np2term_relationships`
#

DROP TABLE IF EXISTS `wp_np2term_relationships`;


#
# Table structure of table `wp_np2term_relationships`
#

CREATE TABLE `wp_np2term_relationships` (
  `object_id` bigint(20) unsigned NOT NULL DEFAULT '0',
  `term_taxonomy_id` bigint(20) unsigned NOT NULL DEFAULT '0',
  `term_order` int(11) NOT NULL DEFAULT '0',
  PRIMARY KEY (`object_id`,`term_taxonomy_id`),
  KEY `term_taxonomy_id` (`term_taxonomy_id`)
) ENGINE=InnoDB DEFAULT CHARSET=utf8;


#
# Data contents of table `wp_np2term_relationships`
#
INSERT INTO `wp_np2term_relationships` ( `object_id`, `term_taxonomy_id`, `term_order`) VALUES
(1, 1, 0),
(131, 8, 0),
(131, 23, 0),
(131, 24, 0),
(131, 32, 0),
(133, 31, 0),
(134, 9, 0),
(149, 8, 0),
(151, 8, 0),
(151, 24, 0),
(151, 32, 0),
(152, 8, 0),
(152, 24, 0),
(152, 32, 0),
(167, 1, 0),
(167, 43, 0),
(167, 44, 0),
(167, 45, 0),
(167, 46, 0),
(167, 47, 0),
(167, 48, 0),
(167, 49, 0),
(167, 50, 0),
(167, 51, 0),
(167, 52, 0),
(167, 53, 0),
(167, 54, 0),
(167, 55, 0),
(167, 56, 0),
(167, 57, 0),
(167, 58, 0),
(168, 1, 0),
(168, 2, 0),
(168, 3, 0),
(168, 4, 0),
(168, 5, 0),
(168, 6, 0),
(168, 7, 0),
(168, 8, 0),
(168, 9, 0),
(168, 10, 0),
(168, 11, 0),
(168, 12, 0),
(168, 13, 0),
(168, 14, 0),
(168, 15, 0),
(168, 16, 0),
(168, 17, 0),
(168, 18, 0),
(168, 19, 0),
(168, 20, 0),
(168, 21, 0),
(168, 22, 0),
(168, 23, 0),
(168, 24, 0),
(168, 25, 0),
(168, 26, 0),
(168, 27, 0),
(168, 28, 0),
(168, 29, 0),
(168, 31, 0),
(168, 32, 0),
(168, 33, 0),
(168, 34, 0),
(168, 35, 0),
(168, 36, 0),
(168, 37, 0),
(168, 38, 0),
(168, 39, 0),
(168, 40, 0),
(168, 41, 0),
(168, 42, 0),
(188, 9, 0),
(418, 9, 0),
(418, 34, 0),
(555, 25, 0),
(555, 62, 0),
(559, 3, 0),
(559, 25, 0),
(559, 63, 0),
(562, 6, 0),
(562, 25, 0),
(562, 64, 0),
(565, 18, 0),
(565, 25, 0),
(565, 65, 0),
(568, 16, 0),
(568, 25, 0),
(568, 66, 0),
(575, 25, 0),
(575, 26, 0),
(575, 67, 0),
(579, 25, 0),
(579, 29, 0),
(579, 68, 0),
(582, 25, 0),
(582, 35, 0),
(582, 69, 0),
(587, 4, 0),
(587, 25, 0) ;
INSERT INTO `wp_np2term_relationships` ( `object_id`, `term_taxonomy_id`, `term_order`) VALUES
(587, 70, 0),
(674, 16, 0),
(674, 25, 0),
(674, 66, 0),
(861, 31, 0),
(867, 31, 0),
(877, 8, 0),
(877, 9, 0),
(877, 31, 0),
(895, 2, 0),
(895, 9, 0),
(903, 2, 0),
(903, 5, 0),
(903, 9, 0),
(903, 16, 0),
(903, 18, 0),
(919, 9, 0),
(919, 14, 0),
(919, 20, 0),
(922, 9, 0),
(922, 34, 0),
(946, 25, 0),
(946, 28, 0),
(993, 9, 0),
(993, 12, 0),
(996, 9, 0),
(996, 21, 0),
(1000, 9, 0),
(1000, 19, 0),
(1005, 10, 0),
(1005, 17, 0),
(1005, 25, 0),
(1005, 27, 0),
(1005, 35, 0),
(1005, 36, 0),
(1005, 69, 0),
(1011, 7, 0),
(1011, 10, 0),
(1011, 13, 0),
(1011, 16, 0),
(1016, 7, 0),
(1016, 10, 0),
(1016, 13, 0),
(1016, 16, 0),
(1027, 9, 0),
(1027, 11, 0),
(1027, 33, 0),
(1031, 15, 0),
(1031, 16, 0),
(1031, 17, 0),
(1072, 59, 0),
(1073, 59, 0),
(1074, 59, 0),
(1075, 59, 0),
(1076, 59, 0),
(1077, 59, 0),
(1078, 59, 0),
(1079, 59, 0),
(1080, 59, 0),
(1081, 59, 0),
(1082, 59, 0),
(1083, 59, 0),
(1084, 59, 0),
(1085, 59, 0),
(1086, 59, 0),
(1087, 59, 0),
(1088, 59, 0),
(1089, 59, 0),
(1090, 59, 0),
(1091, 59, 0),
(1092, 59, 0),
(1093, 59, 0),
(1094, 59, 0),
(1095, 59, 0),
(1096, 59, 0),
(1097, 59, 0),
(1098, 59, 0),
(1099, 59, 0),
(1100, 59, 0),
(1101, 59, 0),
(1102, 59, 0),
(1103, 59, 0),
(1104, 59, 0),
(1105, 59, 0),
(1106, 59, 0),
(1107, 59, 0),
(1108, 59, 0),
(1109, 59, 0),
(1110, 59, 0),
(1111, 59, 0),
(1112, 59, 0),
(1113, 59, 0),
(1114, 60, 0),
(1115, 60, 0),
(1116, 60, 0),
(1117, 60, 0),
(1118, 60, 0),
(1119, 60, 0),
(1120, 60, 0),
(1121, 60, 0) ;
INSERT INTO `wp_np2term_relationships` ( `object_id`, `term_taxonomy_id`, `term_order`) VALUES
(1122, 60, 0),
(1123, 60, 0),
(1124, 60, 0),
(1125, 60, 0),
(1126, 60, 0),
(1127, 60, 0),
(1128, 60, 0),
(1129, 60, 0),
(1130, 60, 0),
(1131, 60, 0),
(1132, 60, 0),
(1133, 60, 0),
(1134, 60, 0),
(1135, 60, 0),
(1136, 60, 0),
(1137, 60, 0),
(1138, 60, 0),
(1139, 60, 0),
(1140, 60, 0),
(1141, 60, 0),
(1142, 60, 0),
(1143, 60, 0),
(1144, 60, 0),
(1156, 60, 0),
(1157, 60, 0),
(1158, 60, 0),
(1159, 60, 0),
(1160, 59, 0),
(1161, 60, 0),
(1241, 30, 0),
(1242, 59, 0),
(1243, 59, 0),
(1244, 59, 0),
(1245, 59, 0),
(1246, 59, 0),
(1247, 59, 0),
(1248, 59, 0),
(1249, 59, 0),
(1250, 59, 0),
(1251, 59, 0),
(1252, 59, 0),
(1253, 59, 0),
(1254, 59, 0),
(1255, 59, 0),
(1256, 59, 0),
(1257, 60, 0),
(1258, 60, 0),
(1259, 60, 0),
(1260, 60, 0),
(1261, 60, 0),
(1262, 60, 0),
(1263, 60, 0),
(1264, 60, 0),
(1265, 71, 0),
(1266, 71, 0),
(1267, 71, 0),
(1268, 71, 0),
(1269, 71, 0),
(1270, 71, 0),
(1271, 71, 0),
(1272, 71, 0) ;

#
# End of data contents of table `wp_np2term_relationships`
# --------------------------------------------------------



#
# Delete any existing table `wp_np2term_taxonomy`
#

DROP TABLE IF EXISTS `wp_np2term_taxonomy`;


#
# Table structure of table `wp_np2term_taxonomy`
#

CREATE TABLE `wp_np2term_taxonomy` (
  `term_taxonomy_id` bigint(20) unsigned NOT NULL AUTO_INCREMENT,
  `term_id` bigint(20) unsigned NOT NULL DEFAULT '0',
  `taxonomy` varchar(32) NOT NULL DEFAULT '',
  `description` longtext NOT NULL,
  `parent` bigint(20) unsigned NOT NULL DEFAULT '0',
  `count` bigint(20) NOT NULL DEFAULT '0',
  PRIMARY KEY (`term_taxonomy_id`),
  UNIQUE KEY `term_id_taxonomy` (`term_id`,`taxonomy`),
  KEY `taxonomy` (`taxonomy`)
) ENGINE=InnoDB AUTO_INCREMENT=72 DEFAULT CHARSET=utf8;


#
# Data contents of table `wp_np2term_taxonomy`
#
INSERT INTO `wp_np2term_taxonomy` ( `term_taxonomy_id`, `term_id`, `taxonomy`, `description`, `parent`, `count`) VALUES
(1, 1, 'category', '', 0, 3),
(2, 2, 'category', 'Posts in this category test image and text alignment.', 0, 3),
(3, 3, 'category', 'Posts in this category test the aside post format.', 0, 2),
(4, 4, 'category', 'Posts in this category test the audio post format.', 0, 2),
(5, 5, 'category', 'Posts in this category test image captions.', 0, 2),
(6, 6, 'category', 'Posts in this category test the chat post format.', 0, 2),
(7, 7, 'category', 'Posts in this category contain Codex references.', 0, 3),
(8, 8, 'category', 'Posts in this category test comments.', 0, 6),
(9, 9, 'category', 'Posts in this category test post content.', 0, 11),
(10, 10, 'category', 'Posts in this category test odd corner cases, using uncovered by rare user workflows.', 0, 4),
(11, 11, 'category', 'Posts in this category test various embed codes.', 0, 2),
(12, 12, 'category', 'Posts in this category test post excerpts.', 0, 2),
(13, 13, 'category', 'Posts in this category test featured images.', 0, 3),
(14, 14, 'category', 'Posts in this category test various formatting scenarios.', 0, 2),
(15, 15, 'category', 'Posts in this category test the gallery post format.', 0, 2),
(16, 16, 'category', 'Posts in this category test images in various ways.', 0, 7),
(17, 17, 'category', 'Posts in this category test Jetpack features.', 0, 3),
(18, 18, 'category', 'Posts in this category test the link post format.', 0, 3),
(19, 19, 'category', 'Posts in this category test various list scenarios.', 0, 2),
(20, 20, 'category', 'Posts in this category test markup tags and styles.', 0, 2),
(21, 21, 'category', 'Posts in this category test the more tag feature.', 0, 2),
(22, 22, 'category', 'This is a parent category. It will contain child categories', 0, 1),
(23, 23, 'category', 'Posts in this category test the post password feature.', 0, 2),
(24, 24, 'category', 'Posts in this category test pingbacks.', 0, 4),
(25, 25, 'category', 'Posts in this category test post formats.', 0, 13),
(26, 26, 'category', 'Posts in this category test the quote post format.', 0, 2),
(27, 27, 'category', 'Posts in this category test various shortcodes.', 0, 2),
(28, 28, 'category', 'Posts in this category test the standard post format.', 0, 2),
(29, 29, 'category', 'Posts in this category test the status post format.', 0, 2),
(30, 30, 'category', '', 0, 1),
(31, 31, 'category', 'Posts in this category test post title scenarios.', 0, 5),
(32, 32, 'category', 'Posts in this category test trackbacks.', 0, 4),
(33, 33, 'category', 'Posts in this category test various Twitter features.', 0, 2),
(34, 34, 'category', 'Posts in this category test unpublished posts.', 0, 1),
(35, 35, 'category', 'Posts in this category test the video post format.', 0, 3),
(36, 36, 'category', 'Posts in this category test VideoPress features.', 0, 2),
(37, 37, 'category', 'This is a description for the Child Category 01.', 22, 1),
(38, 38, 'category', 'This is a description for the Child Category 02.', 22, 1),
(39, 39, 'category', 'This is a description for the Child Category 03.', 22, 1),
(40, 40, 'category', 'This is a description for the Child Category 04.', 22, 1),
(41, 41, 'category', 'This is a description for the Child Category 05.', 22, 1),
(42, 42, 'category', 'This is a description for the Grandchild Category.', 39, 1),
(43, 43, 'post_tag', 'Tags posts about 8BIT.', 0, 1),
(44, 44, 'post_tag', 'Tags posts about Articles.', 0, 1),
(45, 45, 'post_tag', 'Tags posts about #dowork.', 0, 1),
(46, 46, 'post_tag', 'Tags posts about fail.', 0, 1),
(47, 47, 'post_tag', '', 0, 1),
(48, 48, 'post_tag', 'Tags posts about fun.', 0, 1),
(49, 49, 'post_tag', 'Tags posts about love.', 0, 1),
(50, 50, 'post_tag', 'Tags posts about motherships.', 0, 1),
(51, 51, 'post_tag', 'Tags posts about articles you must read.', 0, 1),
(52, 52, 'post_tag', 'Tags posts about that nailed it.', 0, 1),
(53, 53, 'post_tag', '', 0, 1),
(54, 54, 'post_tag', 'Tags posts about success.', 0, 1),
(55, 55, 'post_tag', 'Tags posts about swagger.', 0, 1),
(56, 56, 'post_tag', 'Tags posts about tags. #inception', 0, 1),
(57, 57, 'post_tag', 'Tags posts about things that cannot be unseen.', 0, 1),
(58, 58, 'post_tag', 'Tags posts about WordPress.', 0, 1),
(59, 59, 'nav_menu', '', 0, 58),
(60, 60, 'nav_menu', '', 0, 44),
(61, 61, 'nav_menu', '', 0, 0),
(62, 15, 'post_format', '', 0, 1),
(63, 3, 'post_format', '', 0, 1),
(64, 6, 'post_format', '', 0, 1),
(65, 18, 'post_format', '', 0, 1),
(66, 62, 'post_format', '', 0, 2),
(67, 26, 'post_format', '', 0, 1),
(68, 29, 'post_format', '', 0, 1),
(69, 35, 'post_format', '', 0, 2),
(70, 4, 'post_format', '', 0, 1),
(71, 63, 'nav_menu', '', 0, 8) ;

#
# End of data contents of table `wp_np2term_taxonomy`
# --------------------------------------------------------



#
# Delete any existing table `wp_np2terms`
#

DROP TABLE IF EXISTS `wp_np2terms`;


#
# Table structure of table `wp_np2terms`
#

CREATE TABLE `wp_np2terms` (
  `term_id` bigint(20) unsigned NOT NULL AUTO_INCREMENT,
  `name` varchar(200) NOT NULL DEFAULT '',
  `slug` varchar(200) NOT NULL DEFAULT '',
  `term_group` bigint(10) NOT NULL DEFAULT '0',
  PRIMARY KEY (`term_id`),
  UNIQUE KEY `slug` (`slug`),
  KEY `name` (`name`)
) ENGINE=InnoDB AUTO_INCREMENT=64 DEFAULT CHARSET=utf8;


#
# Data contents of table `wp_np2terms`
#
INSERT INTO `wp_np2terms` ( `term_id`, `name`, `slug`, `term_group`) VALUES
(1, 'Uncategorized', 'uncategorized', 0),
(2, 'Alignment', 'alignment', 0),
(3, 'Aside', 'post-format-aside', 0),
(4, 'Audio', 'post-format-audio', 0),
(5, 'Captions', 'captions', 0),
(6, 'Chat', 'post-format-chat', 0),
(7, 'Codex', 'codex', 0),
(8, 'Comments', 'comments', 0),
(9, 'Content', 'content', 0),
(10, 'Corner Case', 'corner-case', 0),
(11, 'Embeds', 'embeds', 0),
(12, 'Excerpt', 'excerpt', 0),
(13, 'Featured Images', 'featured-images', 0),
(14, 'Formatting', 'formatting', 0),
(15, 'Gallery', 'post-format-gallery', 0),
(16, 'Images', 'images', 0),
(17, 'Jetpack', 'jetpack', 0),
(18, 'Link', 'post-format-link', 0),
(19, 'Lists', 'lists', 0),
(20, 'Markup', 'markup', 0),
(21, 'More Tag', 'more-tag', 0),
(22, 'Parent Category', 'parent-category', 0),
(23, 'Password', 'password', 0),
(24, 'Pingbacks', 'pingbacks', 0),
(25, 'Post Formats', 'post-formats', 0),
(26, 'Quote', 'post-format-quote', 0),
(27, 'Shortcodes', 'shortcodes', 0),
(28, 'Standard', 'standard', 0),
(29, 'Status', 'post-format-status', 0),
(30, 'Sticky', 'sticky', 0),
(31, 'Titles', 'titles', 0),
(32, 'Trackbacks', 'trackbacks', 0),
(33, 'Twitter', 'twitter', 0),
(34, 'Unpublished', 'unpublished', 0),
(35, 'Video', 'post-format-video', 0),
(36, 'VideoPress', 'videopress', 0),
(37, 'Child Category 01', 'child-category-01', 0),
(38, 'Child Category 02', 'child-category-02', 0),
(39, 'Child Category 03', 'child-category-03', 0),
(40, 'Child Category 04', 'child-category-04', 0),
(41, 'Child Category 05', 'child-category-05', 0),
(42, 'Grandchild Category', 'grandchild-category', 0),
(43, '8BIT', '8bit', 0),
(44, 'Articles', 'articles', 0),
(45, 'dowork', 'dowork', 0),
(46, 'Fail', 'fail', 0),
(47, 'FTW', 'ftw', 0),
(48, 'Fun', 'fun', 0),
(49, 'Love', 'love', 0),
(50, 'Mothership', 'mothership', 0),
(51, 'Must Read', 'mustread', 0),
(52, 'Nailed It', 'nailedit', 0),
(53, 'Pictures', 'pictures', 0),
(54, 'Success', 'success', 0),
(55, 'Swagger', 'swagger', 0),
(56, 'Tags', 'tags', 0),
(57, 'Unseen', 'unseen', 0),
(58, 'WordPress', 'wordpress', 0),
(59, 'Long Menu', 'long-menu', 0),
(60, 'Testing Menu', 'testing-menu', 0),
(61, 'Empty Menu', 'empty-menu', 0),
(62, 'Image', 'post-format-image', 0),
(63, 'Normal Menu', 'normal-menu', 0) ;

#
# End of data contents of table `wp_np2terms`
# --------------------------------------------------------



#
# Delete any existing table `wp_np2usermeta`
#

DROP TABLE IF EXISTS `wp_np2usermeta`;


#
# Table structure of table `wp_np2usermeta`
#

CREATE TABLE `wp_np2usermeta` (
  `umeta_id` bigint(20) unsigned NOT NULL AUTO_INCREMENT,
  `user_id` bigint(20) unsigned NOT NULL DEFAULT '0',
  `meta_key` varchar(255) DEFAULT NULL,
  `meta_value` longtext,
  PRIMARY KEY (`umeta_id`),
  KEY `user_id` (`user_id`),
  KEY `meta_key` (`meta_key`)
) ENGINE=InnoDB AUTO_INCREMENT=94 DEFAULT CHARSET=utf8;


#
# Data contents of table `wp_np2usermeta`
#
INSERT INTO `wp_np2usermeta` ( `umeta_id`, `user_id`, `meta_key`, `meta_value`) VALUES
(1, 1, 'first_name', ''),
(2, 1, 'last_name', ''),
(3, 1, 'nickname', 'melissajclark'),
(4, 1, 'description', ''),
(5, 1, 'rich_editing', 'true'),
(6, 1, 'comment_shortcuts', 'false'),
(7, 1, 'admin_color', 'fresh'),
(8, 1, 'use_ssl', '0'),
(9, 1, 'show_admin_bar_front', 'true'),
(10, 1, 'wp_np2capabilities', 'a:1:{s:13:"administrator";b:1;}'),
(11, 1, 'wp_np2user_level', '10'),
(12, 1, 'dismissed_wp_pointers', 'wp350_media,wp360_revisions,wp360_locks,wp390_widgets'),
(13, 1, 'show_welcome_panel', '1'),
(14, 1, 'wp_np2dashboard_quick_press_last_post_id', '3'),
(15, 2, 'first_name', 'Michael'),
(16, 2, 'last_name', 'Novotny'),
(17, 2, 'nickname', 'manovotny'),
(18, 2, 'description', ''),
(19, 2, 'rich_editing', 'true'),
(20, 2, 'comment_shortcuts', 'false'),
(21, 2, 'admin_color', 'fresh'),
(22, 2, 'use_ssl', '0'),
(23, 2, 'show_admin_bar_front', 'true'),
(24, 2, 'wp_np2capabilities', 'a:1:{s:10:"subscriber";b:1;}'),
(25, 2, 'wp_np2user_level', '0'),
(26, 2, 'dismissed_wp_pointers', 'wp350_media,wp360_revisions,wp360_locks,wp390_widgets'),
(27, 3, 'first_name', 'Chris'),
(28, 3, 'last_name', 'Ames'),
(29, 3, 'nickname', 'dewde'),
(30, 3, 'description', ''),
(31, 3, 'rich_editing', 'true'),
(32, 3, 'comment_shortcuts', 'false'),
(33, 3, 'admin_color', 'fresh'),
(34, 3, 'use_ssl', '0'),
(35, 3, 'show_admin_bar_front', 'true'),
(36, 3, 'wp_np2capabilities', 'a:1:{s:10:"subscriber";b:1;}'),
(37, 3, 'wp_np2user_level', '0'),
(38, 3, 'dismissed_wp_pointers', 'wp350_media,wp360_revisions,wp360_locks,wp390_widgets'),
(39, 4, 'first_name', 'Tom'),
(40, 4, 'last_name', 'McFarlin'),
(41, 4, 'nickname', 'tommcfarlin'),
(42, 4, 'description', ''),
(43, 4, 'rich_editing', 'true'),
(44, 4, 'comment_shortcuts', 'false'),
(45, 4, 'admin_color', 'fresh'),
(46, 4, 'use_ssl', '0'),
(47, 4, 'show_admin_bar_front', 'true'),
(48, 4, 'wp_np2capabilities', 'a:1:{s:10:"subscriber";b:1;}'),
(49, 4, 'wp_np2user_level', '0'),
(50, 4, 'dismissed_wp_pointers', 'wp350_media,wp360_revisions,wp360_locks,wp390_widgets'),
(51, 5, 'first_name', 'John'),
(52, 5, 'last_name', 'Saddington'),
(53, 5, 'nickname', 'saddington'),
(54, 5, 'description', ''),
(55, 5, 'rich_editing', 'true'),
(56, 5, 'comment_shortcuts', 'false'),
(57, 5, 'admin_color', 'fresh'),
(58, 5, 'use_ssl', '0'),
(59, 5, 'show_admin_bar_front', 'true'),
(60, 5, 'wp_np2capabilities', 'a:1:{s:10:"subscriber";b:1;}'),
(61, 5, 'wp_np2user_level', '0'),
(62, 5, 'dismissed_wp_pointers', 'wp350_media,wp360_revisions,wp360_locks,wp390_widgets'),
(63, 6, 'first_name', 'Jared'),
(64, 6, 'last_name', 'Erickson'),
(65, 6, 'nickname', 'alliswell'),
(66, 6, 'description', ''),
(67, 6, 'rich_editing', 'true'),
(68, 6, 'comment_shortcuts', 'false'),
(69, 6, 'admin_color', 'fresh'),
(70, 6, 'use_ssl', '0'),
(71, 6, 'show_admin_bar_front', 'true'),
(72, 6, 'wp_np2capabilities', 'a:1:{s:10:"subscriber";b:1;}'),
(73, 6, 'wp_np2user_level', '0'),
(74, 6, 'dismissed_wp_pointers', 'wp350_media,wp360_revisions,wp360_locks,wp390_widgets'),
(75, 7, 'first_name', 'Jason'),
(76, 7, 'last_name', 'Bradley'),
(77, 7, 'nickname', 'jbrad'),
(78, 7, 'description', ''),
(79, 7, 'rich_editing', 'true'),
(80, 7, 'comment_shortcuts', 'false'),
(81, 7, 'admin_color', 'fresh'),
(82, 7, 'use_ssl', '0'),
(83, 7, 'show_admin_bar_front', 'true'),
(84, 7, 'wp_np2capabilities', 'a:1:{s:10:"subscriber";b:1;}'),
(85, 7, 'wp_np2user_level', '0'),
(86, 7, 'dismissed_wp_pointers', 'wp350_media,wp360_revisions,wp360_locks,wp390_widgets'),
(87, 1, 'nav_menu_recently_edited', '63'),
(88, 1, 'managenav-menuscolumnshidden', 'a:4:{i:0;s:11:"link-target";i:1;s:11:"css-classes";i:2;s:3:"xfn";i:3;s:11:"description";}'),
(89, 1, 'metaboxhidden_nav-menus', 'a:3:{i:0;s:8:"add-post";i:1;s:12:"add-post_tag";i:2;s:15:"add-post_format";}'),
(90, 1, 'whatthefile-hide-notice', '1'),
(91, 1, 'session_tokens', 'a:2:{s:64:"c601dc708554850dacdd9b2677e22d1f9c1826085612793516a13d09aacdafc0";i:1411519517;s:64:"4d024f6a217130b8b5a859873be39dce67487d1532cbbe2782435c5271a253b2";i:1411520156;}'),
(92, 1, 'wp_np2user-settings', 'unfold=1&mfold=o&libraryContent=browse'),
(93, 1, 'wp_np2user-settings-time', '1411352205') ;

#
# End of data contents of table `wp_np2usermeta`
# --------------------------------------------------------



#
# Delete any existing table `wp_np2users`
#

DROP TABLE IF EXISTS `wp_np2users`;


#
# Table structure of table `wp_np2users`
#

CREATE TABLE `wp_np2users` (
  `ID` bigint(20) unsigned NOT NULL AUTO_INCREMENT,
  `user_login` varchar(60) NOT NULL DEFAULT '',
  `user_pass` varchar(64) NOT NULL DEFAULT '',
  `user_nicename` varchar(50) NOT NULL DEFAULT '',
  `user_email` varchar(100) NOT NULL DEFAULT '',
  `user_url` varchar(100) NOT NULL DEFAULT '',
  `user_registered` datetime NOT NULL DEFAULT '0000-00-00 00:00:00',
  `user_activation_key` varchar(60) NOT NULL DEFAULT '',
  `user_status` int(11) NOT NULL DEFAULT '0',
  `display_name` varchar(250) NOT NULL DEFAULT '',
  PRIMARY KEY (`ID`),
  KEY `user_login_key` (`user_login`),
  KEY `user_nicename` (`user_nicename`)
) ENGINE=InnoDB AUTO_INCREMENT=8 DEFAULT CHARSET=utf8;


#
# Data contents of table `wp_np2users`
#
INSERT INTO `wp_np2users` ( `ID`, `user_login`, `user_pass`, `user_nicename`, `user_email`, `user_url`, `user_registered`, `user_activation_key`, `user_status`, `display_name`) VALUES
(1, 'melissajclark', '$P$BzcqMuQtIMotmZIO/EbURaQRnD5Gd1.', 'melissajclark', 'melissa@melissajclark.ca', '', '2014-09-02 00:45:10', '', 0, 'melissajclark'),
(2, 'manovotny', '$P$BH.wpOQNtK/C1I9W//z3Cd0/HjnwqG1', 'manovotny', 'manovotny@gmail.com', '', '2014-09-02 01:19:42', '', 0, 'Michael Novotny'),
(3, 'dewde', '$P$BFXX05WoNE6vqfJLF/PEZ7r/wKf6Jx/', 'dewde', 'yo@chrisam.es', '', '2014-09-02 01:19:42', '', 0, 'Chris Ames'),
(4, 'tommcfarlin', '$P$BOdu/YCbbbNLWnRNIxRsVjNuFTIQit.', 'tommcfarlin', 'tom@tommcfarlin.com', '', '2014-09-02 01:19:42', '', 0, 'Tom McFarlin'),
(5, 'saddington', '$P$BcqVDDphsG/JYpkYwFOFQXgwg6cj4/1', 'saddington', 'me@john.do', '', '2014-09-02 01:19:42', '', 0, 'John Saddington'),
(6, 'alliswell', '$P$BtZEr/v8xTnTsngScL2mq.0FP1OY0c.', 'alliswell', 'jared@lessmade.com', '', '2014-09-02 01:19:42', '', 0, 'Jared Erickson'),
(7, 'jbrad', '$P$BmMLNqU2To9KHFKru/5dyfddEJGgQW0', 'jbrad', 'jason.bradley@me.com', '', '2014-09-02 01:19:43', '', 0, 'Jason Bradley') ;

#
# End of data contents of table `wp_np2users`
# --------------------------------------------------------

#
# Add constraints back in
#

